income,age
26674.1535740796,38.33854088917117
24859.35761482673,48.51195242084853
49213.594754601676,28.748513412457477
27493.072087208322,55.670805018712024
66696.14792729272,28.354694136668446
26593.222992150484,34.03127123742328
44950.66101967373,24.222874590235506
20700.422770482644,33.84960342763346
28272.121114893016,37.70818634152339
27018.145591217668,33.028331268360404
60067.21199635049,39.03470355954022
155283.36899538833,27.033253986019304
30858.18281229252,44.85676095524515
61680.19386924701,52.7364258223366
44744.40714202609,31.65957561791446
156118.93538106815,49.95864047180331
59026.37452451093,56.17520531491111
21234.381054157737,22.016121361867924
46026.50934381604,40.07968332568146
34017.792874979416,68.91031237428
20249.622222586062,44.56100461082935
24671.377503342825,26.815908744397444
97249.09527575015,30.415672341503843
100327.95370926472,45.110321457664874
56890.08272628141,49.20494960529409
212250.29202985147,42.186870048069686
58207.40509567804,44.383653548819325
20154.244271304113,42.51498758230632
25549.27438467984,35.35777387769426
20470.190114857545,42.54788462618801
21519.769655479435,28.734607726412477
23943.098423859206,38.172013993849454
32578.193899474056,48.236066415362636
66830.19012723581,33.35607612522216
70747.5599552729,39.01096940602643
38425.021371738214,43.32661695196614
101940.25102375593,67.54361536891949
32429.051411708275,54.699552029726
80059.65713780065,28.53134146384764
30602.323555370705,72.97259776757144
25287.402871472794,60.59259483735444
93765.18692974445,44.07626260876008
28346.215507739755,51.9569215578224
32571.57264016026,34.40929290610076
26619.709737524943,41.284957869479
41665.624903579504,33.936789543551896
415595.07085954986,49.060570790875246
20390.185577095388,80.65445897489028
84796.31480728067,37.66819894402972
20059.064830771003,40.14163002497613
27624.48079219068,41.65410128883556
22901.676075928895,38.17594463234935
50900.905724198514,48.26337120561014
20789.25074857822,55.9704392082787
34895.54062958145,36.08597274633894
25727.608425044353,41.51943270707986
22231.434904815695,50.060588249907525
52803.05431306654,33.25259108578362
23912.203054423804,30.86246118473665
24048.6210596123,35.92188745943961
25235.079103329463,50.795121080483014
36668.47747049641,32.880396984225825
41424.31816449587,36.50600127069081
20267.57558760018,41.61900977601273
24454.766358242214,43.428920304023485
29769.853798860782,40.161250830272984
26705.02561068179,41.86296579253461
78147.89812534385,29.21441408285289
55111.123325687775,35.57926299542532
39048.04722603518,51.91167677333165
26872.80474181953,34.91779506787264
44833.7355152896,43.74854642578166
65867.48092727415,42.61516802091478
37130.58346532867,50.35789873468934
54618.785802732345,52.47802241324037
49892.88290411881,56.75423183215692
35842.27214372254,62.02334139839297
26173.028485887375,32.9732841977803
49500.174694885005,25.981355842125538
23684.40707940001,37.70654207841738
53885.968320597334,32.43281833560005
57857.794829550054,33.96350992216445
61135.77514096871,47.710196084812004
31321.99931892249,55.72626956649767
23384.495487539098,44.05887658089076
21617.921867993336,35.25446962284906
49218.873197148045,44.65215269766304
78954.36955543011,50.8635919300224
40770.0968239037,29.25567611459713
22428.359560948655,38.36287167915443
107576.06315653275,39.17061853000237
277374.44308317325,39.87649326682494
29854.262056589876,33.421509131248335
37130.28753721244,44.94131657753925
53561.10806063042,46.09248288612708
48430.572457777336,32.82271319791833
157150.2237362633,59.814048517627214
21887.534097500764,31.06785175141485
36331.00293890475,34.95910520442818
44050.23059263409,30.450785318362527
80493.89783535991,29.52621168857852
74552.21628086935,42.8817159739402
192259.00978462893,34.935716581298635
32948.32753342403,52.57368525395588
62924.06316621447,33.51495176577511
29641.559166638042,35.04122123548216
29470.741708624148,50.519415748552895
24718.603203163962,31.73277267352369
60366.97094482793,36.833097466998396
241888.42129118458,59.494880325578045
24788.407471259838,23.816986911101477
20879.163621187236,22.123443442691805
59851.063369155134,29.268096795157334
38681.164392891165,62.783474250015274
139438.42056452952,46.33027897908318
24692.84478543586,44.88285812470595
21125.752707545187,29.279200860824794
32109.3490228091,42.43773311836808
21370.49215346322,32.96016312503027
24916.547366456725,52.99364259410501
22089.284815856277,53.7374828482591
24058.646495713343,35.79923467304328
21731.283077437918,47.30638873972326
129733.02253291452,45.50719907565862
25320.103087347037,40.04556744013394
30229.42864230421,33.22239290495021
84216.62969229586,36.88230840112661
42812.44806368094,52.37381940390184
38541.24153730537,59.77832500272551
45287.27730618726,37.69982647801143
62509.95021247742,61.73106738661445
75773.56622926757,46.343564852982695
40184.32474413655,40.392938066205005
80456.39452549169,39.2009504146858
34012.95181438461,33.683579605090884
25289.01042125283,48.252327967637875
76630.23359033294,65.14540981983916
34303.56926565069,39.97218363856763
87920.90049035686,32.30688381803202
20621.298298137277,50.512305872566245
28649.90281186477,37.23336644312552
121312.7450320409,33.576619818600996
24632.93821618829,29.00147833880853
114073.1778199309,47.80592003333432
129727.65970250039,56.73087847253723
77386.08847576292,30.649987559493905
35416.40403267333,38.20271635485102
40488.98702909039,39.060461670304846
73082.73169478084,34.11078707997572
53372.01252619309,61.18443830055378
39325.95228261173,28.74453415237736
215235.6852321199,46.47593551722244
43509.7501372408,48.97892806170748
181592.5719587401,34.05236208063353
20899.74403856017,32.183760560121826
22330.2962807634,35.3748755025012
30505.747096496118,26.807272133684243
28250.854411228567,65.74787013609965
54361.50801221731,36.063985394094
22744.653630460434,37.2478125428695
184034.29978417873,69.5721182334886
26249.068646721717,27.603416109409828
29698.508390361672,39.88291876362618
25227.019406986736,50.91169015828393
36255.97479955325,65.79502002335899
20920.09203852669,28.221672734623183
22533.39758778635,68.91216850148088
49501.99399574476,38.159640477725674
23261.561348721312,38.237523041302154
24311.255883135866,30.77899550619146
55935.21819409424,42.107163037432095
21505.743219249172,69.01613422198753
29999.06928655888,41.88937987908374
20352.05228443614,33.27758077235458
27119.372551775818,34.83250046059693
44679.50707318693,35.22872632794038
21450.32986723067,62.724248569528115
79776.36019517406,67.26178711794398
89722.8470020186,28.726131343791433
21710.81484551358,31.281414847152973
301629.43091734464,32.08380048493342
25793.752085948534,35.730990015404174
21347.118194676837,71.64261504142547
20076.296793647616,68.54490676613585
29007.874414117672,41.26360970432856
39307.036949383866,36.79585830832919
26710.58457359415,25.66425494189206
64242.27222285125,43.63567822003763
46354.18070991448,42.31043936134451
27215.04483288118,30.534131568302236
48201.39281231751,46.064528141415906
112975.3372145679,53.27749521297315
21502.179055788318,30.44954349529649
26014.223071837914,36.207721865957154
30951.135855103712,52.464548611429834
32341.39143312695,34.38513390742769
34338.530448664555,35.833752780258585
25872.925429275117,36.40826064796522
42007.80414667398,46.66347425882752
40356.875282274006,55.52398618487798
36171.416834510244,64.44195690159685
21867.3538462237,54.2797166184444
31481.750901642074,41.1523284467238
27389.945972719663,48.97875524716636
32051.23702457494,30.007391298765626
97325.38028692351,74.8662274568198
31623.78603089459,33.610911994874606
20211.936767833122,47.91734614077795
30047.613344133115,42.90797056513357
60838.33758428336,29.373732401444276
53969.07279673377,33.65479965417008
33006.17053685362,56.65499839240598
24635.682963729552,39.75364748217963
31018.55466381406,32.364375267196934
35418.18268549306,38.20863021280508
2635851.1481686914,32.361300724062936
40292.69535320751,35.74224173605214
44256.106589101924,28.02711032683588
32068.419372956254,41.14623970850716
27339.59613526694,42.796033278715825
59365.87392271677,35.878471490650696
32213.024269356058,56.56790451365694
401698.5230760115,36.3855275015578
30716.4179093069,39.74676841894616
21075.159371191392,35.355722321195856
43247.94315606456,37.23534915037785
20725.087052166462,49.58599306396902
24652.60584891415,30.203235978106996
27317.885642565998,45.938867775552275
48776.49828774888,34.32481422861082
32183.952227008383,30.47788415969763
20439.1466440279,37.538446099607704
38465.952851609145,62.655460086107766
29104.298105764137,47.77818687471984
97303.46030977505,37.33026841236156
32407.849488196818,32.64046210268958
45610.42506333266,67.71983272125114
23943.69971812008,44.249738025362014
51361.82774893408,41.5369448079434
46791.635236380185,47.37836798803551
86865.81516196267,48.811141002934086
20520.567317183646,36.269474664534926
30360.393120433466,51.55193480492482
42963.16005402358,29.130630402005362
21538.15586279343,48.19304933380864
29076.682603806832,36.828245369114846
114725.9506083698,57.12681508198568
29944.453372056014,36.20826684414675
238322.44955806996,53.886829127970245
20890.74281208792,44.631956146726765
46476.22546618078,85.39701079638306
36347.10991516776,50.92833786757319
32449.321984592923,41.77987605198229
165704.3925738396,27.324330178496474
22156.915750416225,55.824669632426655
83025.58209456257,56.955715118961294
43989.71410585553,37.69022038546578
24850.65942784193,34.61396339498977
85670.12654242394,52.1772494050264
29711.417065115533,44.42579319138502
59603.38178405281,39.41277941536869
28374.484644524964,46.71854474295179
67701.12991881286,37.659249774127595
39767.54220957245,56.69689705364856
22369.535075339147,38.41016552651771
40684.871839785,52.1778538376374
23361.037848847187,41.76050176901491
29120.466069011833,45.23594302478074
22935.14304299554,67.001834440038
20335.796725961736,36.486061637371186
23793.010415780565,51.150186035463975
34059.18278695081,61.8271875041439
31665.098137754245,50.600480701531026
32490.066247506464,57.70217034519327
24587.72014581989,42.899585127612376
43465.93067423211,49.786616195834036
45165.63654938903,53.80657289610977
27440.605048445104,41.52672447263083
77027.87270584617,79.58189270959254
40281.75383231714,33.585134745354146
46002.83652873376,32.30795247444351
25290.208293157477,64.48281025941611
20009.17873807765,61.02502151109678
71763.48307671741,34.799630373073676
61191.7371819692,57.69379912726214
22038.263959301024,46.84422065339502
27920.194866677986,41.89642009262976
41551.209504659266,34.53539946423067
40862.864732533475,40.330114892967465
70278.88008355825,33.01427303938071
22354.876736101258,38.608151952564384
29733.870720325176,32.83203671876635
21574.127091814367,29.806051393475162
28398.32692615266,58.14653814982044
20229.212085215786,39.689335587979684
84059.63198042026,45.67256586194059
33622.533373656115,36.03949625127248
67408.66130636999,39.216854421854634
20941.068995158024,32.604880910619414
24131.88203542145,64.6766706184136
24859.6911840249,25.60931123916205
28307.31923958891,52.804016559573185
57567.97413607435,35.87814239186103
28303.146932779076,32.57392426801975
23638.999908016638,29.320946214310716
21025.099809768046,42.87223624839499
21268.52619245248,50.84642171311069
51243.266880916126,49.33195090333906
30262.21798487418,37.0756460660273
47331.00585940445,39.13446574346292
43223.550821501856,32.36751531573785
22262.96013169845,33.57765032368877
22404.285530475412,58.08902566464832
50651.50164087563,27.37009250050307
46823.51146196939,26.75031255472738
28039.675517605694,34.80690623226619
21233.436425361393,64.42042267884818
20183.133677328813,41.66812560379478
25557.32898495354,79.61521983808956
20139.29833320747,38.01801857579912
24189.785248596192,49.83180419594469
29374.986651974097,55.62566055614934
22005.863721176767,74.48741696890826
21698.19811549778,35.51923254163185
83222.3092991688,41.541976460462514
36595.42600912489,39.47657496073392
107180.06809377496,51.04312493811256
27091.523290819274,62.12756528813163
42797.997881672505,62.0685324639528
23639.80660360856,35.32908437670942
38560.495805016646,33.61259064644982
22155.72112280344,49.43411098821582
20031.25837415895,31.49569268879263
104650.72461231441,51.40690982198932
34966.56509391765,41.519820712095736
100989.88226200757,58.90593327219991
26756.082353111018,55.96147359835727
26590.428927358986,42.91936068686634
28750.990877654214,30.92155082103008
45332.190339036024,31.476532929839692
35528.21916623684,42.08463623803733
99804.62251706983,47.07013621307509
20389.052849887958,38.200736056923674
45536.12683015676,32.91182321223968
26659.79934841723,38.529011663732824
23134.178805809854,59.049611558853385
32874.45461728178,38.531800512013604
32642.890775614273,35.61877948108974
22293.761378296378,31.271889663996262
23580.837740242787,40.77027429687302
28996.06712681426,56.139149207879406
29017.391722013686,56.971134526113346
26315.19877097926,33.931674047382
22511.757226423368,43.0122039303606
20065.821175906967,34.67980761458209
163887.66139334784,37.73232363367447
116210.08823010333,40.579893390261375
31749.312047810112,36.53537398376658
416476.9678254616,22.33171451759556
42514.874004182915,64.74114112056728
21089.46071388172,35.5638462007211
21938.72641121674,34.90197550041711
93578.19579439497,33.88623522953337
39323.17574109823,28.86709643645119
65757.4855770983,65.38213953050631
84058.05299667775,41.295795323987704
30376.521892371715,47.23488779129464
20755.499234679613,45.51581453938633
23298.005806791636,36.27706556125584
21051.37458549061,41.261270813044405
23307.434447631724,50.21424521257773
29074.32451945645,29.52537151378143
21947.39283822303,37.56342188700053
22864.66637668108,39.155758276393776
30299.209651697947,36.00635293512772
26932.23061808315,35.84599935651127
31117.42788789848,43.31197703320586
29707.142219618006,59.96937102873933
40313.905575448865,46.612993479677584
109703.07264125645,33.68583587507455
21761.851051936643,85.49448019029175
21609.78675819265,60.15045468279615
68194.52843319307,36.624656229225806
32700.42813622844,60.438429370575335
52071.109068424856,43.572959865665666
23869.061681412324,31.113225995709477
62518.49055215797,58.00390092911744
98711.79701802174,33.68684300476155
39689.241839107744,47.206931536560646
21726.569258054045,42.948764212080874
82712.25806835538,48.320418099010695
55856.60847132339,67.02965712707595
50105.611372802756,41.10335308839878
20566.578552798932,31.027735847800415
56908.72352087292,34.74342242454959
22311.363206744863,30.565059094030815
24020.38847418643,28.657351221006305
36133.913777351765,55.768927632051
24992.252927817128,42.551587316812615
41551.88674261529,39.86840550253544
37920.04850872348,36.82714214822927
21766.930181544554,51.79905081860022
41150.65941903774,62.63060138524238
98789.17044160195,33.465532781565415
22754.3300935022,46.69082503914635
37260.91795896624,54.56586617309374
26979.742584435626,44.10758753144637
30810.15785369085,50.561862106927684
25528.473184155468,30.945580970349177
27329.219747118914,63.19406865884265
20443.31360357936,51.872491172852094
210873.4550987754,47.99856773274895
38976.7310475089,53.41246009851258
32456.37426136183,38.27339367318766
28214.71096479198,32.13511923264632
34202.54695294189,30.61271274239237
28103.295417012945,29.668376773313398
27497.302854302914,46.50692474420997
30974.834079364184,37.213635420674905
25257.123996121692,61.91281578855576
23130.465892148663,57.78751401225095
35053.26802908089,51.7712536103823
65656.6739177399,48.457562747125095
22593.838068395955,34.71023552075691
20503.408443814456,36.18485674879193
24567.620481016405,34.67273873312755
200665.86419893903,31.9128711112051
62496.36017452365,40.180007282334216
37190.93571967678,54.34567848338824
102785.87243211396,39.52407045828382
30279.493131407136,34.266536888596974
222012.265137801,39.53287581729512
25762.519719861833,43.22615697983964
24419.28425041045,36.46238164750217
39865.00708029155,40.26358130962612
28043.443569995095,84.95365436086959
39079.23602965711,29.487744412220252
25985.492608470227,25.726993229583833
38533.66760946416,42.40601050443097
25251.360394229276,45.92046296882265
20795.1098402186,39.75230982411901
91208.15947164423,32.50597451523204
77782.8151923939,61.558323667696726
165556.15741354405,41.74579522895766
46346.317716829464,42.9241165909752
43259.94484250485,51.51936830004896
35175.5523930718,39.335734809194086
22088.634172730704,38.429178572898124
23317.610122597613,61.557445838654544
25590.16077228396,27.789025481752546
80517.76075215235,45.24967556076667
22988.342738508523,44.160934384521966
98023.5701473586,37.115730254429224
33427.47162734216,39.769027200034984
46251.39223103078,59.829174904394726
21804.305087302095,33.662636423808436
25089.12449398036,50.525801521928905
137297.23510208493,41.41068264302706
25020.11676066091,48.97245984739763
25768.103067817097,46.134464100272616
23490.766475657725,25.48911588916323
22146.266688982636,33.48273717293903
24260.723229389234,34.6323589994992
40162.37729923216,32.43646257613797
30650.84438587079,35.65684622101381
34909.16499000648,42.897709958674014
22023.1644111793,52.95560846094419
57439.82041485949,30.25658275868033
54563.87731394279,41.56747878335965
20329.188728815658,44.59975155504135
28208.50375026158,55.96709697192186
21088.009489757438,63.816721149795484
55796.084035455075,39.271434428733606
48528.333696288464,32.59601356850538
85825.66414990238,45.40764441278902
24331.23453104531,32.932215663767714
30685.526832062285,44.38497723720037
23220.49077033595,34.25172070749128
27833.54640366038,25.092083211172753
33402.809191162334,47.3844437496712
20833.450520760045,34.79296452997038
46182.37710059589,61.88678506775017
34391.78332099605,41.45416961634744
62538.932994311064,28.316236904546052
25155.24290254639,53.420249175429184
86484.025848114,39.42275523014642
820217.2283156399,48.39464810328782
95603.97980715871,53.72208240546429
53656.04018114578,42.02949221636635
59257.806072896296,29.863181769041198
35950.06453612589,43.05534092773701
23336.499687988937,59.22481815688155
42789.47552223725,40.32060585906482
45974.92308195071,46.16214389224653
238155.5136133834,33.727404369214824
34295.28575939028,28.867751658247453
25145.31473632778,39.63278375199249
43339.97344242735,41.71090257285619
198897.338124819,55.62015243855201
23073.31930768217,42.408837115976496
26541.85886033946,54.30375131968657
34323.29932196308,36.97367016789609
22933.536516646407,29.69887274496535
20338.969256423818,46.88417812291799
26843.337363755578,61.197581590693176
71762.02226800815,35.747652394700495
20674.083367339583,48.80980350229669
29698.694389326396,49.32521193181763
51519.95871948525,28.926579043960537
128649.27233231551,39.19969443408287
238925.36312983377,49.95180627285613
29458.977981929893,45.365781600564624
124682.65487395918,49.962602987394334
20545.827662285727,47.59030273650326
49515.9537281519,40.45257617069572
40191.7947895605,41.68194174209742
24629.979202276918,55.16259861286176
32740.355240601137,43.03491300946063
22155.13019413275,34.63536691777982
73720.90699768864,39.35679356120156
27438.57174254347,46.11712737583414
39058.16222939428,54.11564553162236
22708.867034130075,28.803877089790824
23671.005892024998,38.833760012353345
324499.31581159565,52.90322723067654
50373.83229795465,33.634256494184946
143839.82191335288,33.67033497127647
25751.06817522645,41.55298042401198
22821.94927143069,28.387918952989104
32557.193028839036,66.40505772107146
32201.994413076573,45.959089115226675
23027.842343767945,48.759042087676534
48082.362137755015,56.30647792174516
27552.184933183835,78.55825426980809
23258.794614771225,40.48910707041048
26705.202602710335,28.732408974150037
35415.91767098631,44.85012078271954
47361.36956187019,34.09903396419831
31678.361646888407,31.228960624132643
33555.86281277644,36.56023429338261
22330.02528541084,40.29288622870392
92712.57982399888,56.61558162222228
102369.95277244768,66.98140406153308
43319.25073098429,32.07953911931446
20268.020573089714,37.189549399914654
34092.58586298584,48.13962942849834
39267.724322977534,50.01270098775269
400313.52620516164,32.86298614552689
468362.1484634914,52.928901096659814
69502.97744518984,34.59718332229559
21005.88449923092,32.574250292849804
128788.3661645197,47.565672936662125
38203.18997396738,57.084270740155326
57231.251628124184,44.846260808797204
28964.090019538155,42.8381506459947
26371.505249410675,40.492230403672636
30948.01556329967,42.206557921909884
22479.908446598,39.08244484757739
27414.34142588193,47.957742162768696
69504.72638333027,42.21604414163063
20585.990021779573,76.8470567196606
22556.388331343587,45.345752498952294
22073.478039561494,39.10061633333709
28829.479421707427,32.17925367797541
536530.679629598,33.063671228848186
22996.09177106415,45.86295765167688
22453.44554407752,36.099027107610326
92932.90030942127,43.41117237825161
77352.07660614411,58.10000775536775
20495.622569109782,30.79798961370073
50205.7689231864,39.74434474906405
41109.899082063406,24.538709154183465
52249.34714540742,28.959240615829064
32195.07170649255,43.85869895082264
313108.1662665029,29.56778037129951
20680.155958959087,30.64405158299244
24285.637853262084,64.46991655344522
28618.83468080347,35.24678194326312
30443.828123393894,32.5582547952273
96984.27408157985,57.97741531706155
35226.9259756288,32.50250008603155
20700.454748191667,45.14351829540818
28986.13136086146,45.497195259761355
29273.28747427894,51.90536114944058
151493.36357276572,31.379688127894898
37386.62980635086,33.59945248453528
39700.70007681473,35.34615159895057
46023.706342731544,33.94300221044265
52559.67135031837,50.89844038091147
39659.827598567135,45.51799625781604
24349.0163303106,47.421238906536686
74530.82837337571,28.667250643119658
47963.01235481753,43.562012335700004
49047.62335345992,60.84962865004756
501253.5041968176,73.38028620235231
57509.80930552484,36.71397870850262
62579.76313551718,52.2282745437832
126090.48629635682,33.79234184476263
22561.29621904603,28.87878344592604
32330.315067931864,29.223611012461124
36322.28439232358,58.2510966674529
26631.039556577784,37.36671458574848
64860.54862545741,35.61109219920314
51548.286953504445,50.38097786840236
46784.285870825726,30.41845057697045
551896.2619800774,46.82851353997441
24859.723618503627,39.06916963081994
48327.49487249873,70.95776850304557
34791.31225651383,37.11376659975215
26194.2404325828,39.81716849633766
22744.123967139632,29.142215387074945
82974.14163994366,74.688099587227
37166.98268257042,37.729440528259424
61700.16397803172,65.4535152495762
34491.829197246785,27.486296870711918
23967.8119766994,44.44307022797854
26859.064925793118,71.91916757095916
28147.408521784197,35.27096931523231
172354.18497527324,43.64001307602197
20084.857865484853,58.8614338481054
240575.0948677622,37.85665240345736
204623.43763146715,28.955305123411225
473543.4245546872,36.497336738618145
31466.701581966,44.60572287555942
147696.0375080682,44.467660050094935
28588.574263853683,49.585174525577884
20402.369286264056,33.46021238230325
24063.36660377365,69.97947268774357
118266.33488463126,33.71187605854894
20208.62664905458,42.2058007578229
34523.625722055054,45.04479033133164
21202.662926239504,43.87572909812903
25513.444145871268,31.426208360044953
21415.642375718602,59.30471478353105
70043.73250601522,36.07928790754002
36913.42551093394,46.12764963662656
85883.58214026465,43.530739303066945
43739.04180239198,43.481251442301215
166254.6142415468,28.4780491496688
32851.793483953006,35.35914633901575
39910.69688926575,46.00571111322189
36088.92122500242,28.776891809971154
31773.996649653767,39.02840477133546
66436.99501402496,42.503170662151945
40317.23941734691,48.8856249327596
57303.20176750925,42.26882396280075
54905.869364508566,39.35026661375814
23354.85953064363,44.07831885918688
40721.10602552537,38.74462905366194
23533.643474192315,33.1931956056415
36475.083230389806,36.402217607103495
42821.70569072022,45.84543430985617
560531.0815985701,39.43699344002463
20468.898244950087,82.1355639495345
21470.034958903212,31.13377596555304
21226.742710848295,45.4521356591644
28677.052295710564,47.423608061695994
61024.741842341275,42.002212166089315
65969.17029253689,38.121699045233036
48496.04909762608,41.094363992709575
83421.34170415108,41.16580741555878
26457.090154911333,62.96388272217836
21416.706838495425,27.040101264237933
20912.28307734414,33.01494287756002
68016.2752929836,44.157652690763015
47781.73068796292,54.627728764168154
44646.286964899045,33.47436718349824
26918.396083812164,31.571488555298345
28097.1252750493,39.829967296859124
136583.25733306404,33.06732730250867
21005.449843143546,39.904868872658625
53068.054349400445,33.210937796296854
26106.163523031464,49.11020149108994
20603.556722460693,33.41873484288652
49127.806741599765,27.90472583845289
26675.80011598294,49.15985306689329
46913.34547261316,41.31635999060862
45484.66411146909,37.115602616672646
33984.056002083526,37.37153620589129
53581.748043119485,42.52817856347043
36348.33162345353,31.590930973080404
25519.424447668716,29.570980884126683
48180.11589499309,33.39818833183389
36803.0576481568,38.15469123550842
20192.75108731313,32.80838815608906
85657.98272585294,62.84545448704445
34506.44834345666,33.402028743415414
72769.17660137455,41.72739221899553
77607.33233524062,46.63330923269638
30268.153716849352,56.70245478643681
32755.17540594637,65.99975584190544
29248.54170093905,74.29541873961472
30431.29531418653,55.86398697508268
82646.95574436337,53.26525480646494
55177.97823970481,32.02795036632928
22099.34593135144,47.383977047866864
38057.41294147447,38.66869444713162
458901.1572021748,38.768443905173164
37172.53456040926,37.17022456422237
54831.212603364256,31.876251826905538
52427.08544814395,35.74837270804211
27219.512378135365,33.012445903367706
27852.043595797288,27.042755724320223
47111.931496344005,59.34563819379453
32425.70819361817,41.50882273611382
35779.96146827966,41.94546526868212
45989.81571260884,40.53488756667396
53610.59845711308,54.53159316160555
25148.874100245077,42.94606088041441
22478.371344979634,59.942541807675596
25648.532140529147,48.7019587954489
32749.893368862256,34.32482188793551
26987.497531510548,57.109785573763645
35662.72242568681,44.960564100944154
20835.648191517328,40.299465733137126
32846.23208112945,52.6503777465814
27736.144813180676,41.62629830361098
33978.378641149204,49.88697070151067
29478.24179388769,30.832542695622966
25459.552456219688,41.86494321776877
86879.04572272368,34.848038025772865
23226.136375382066,73.3978973815201
43146.52920748941,58.65068927954701
99285.964480286,43.62311758840629
34168.77831118012,56.98096394989236
75334.94895805288,34.992335889944876
22068.627497660145,36.78436271310227
32165.316744409705,26.126799284222642
30712.844822223473,49.159310631668205
20122.528702564123,25.661591555986394
30206.290407266482,35.89111337393857
27767.376302308738,30.635474634841717
42207.37816028613,54.134309576406274
110804.60811569577,70.93363977472697
21376.068861313015,51.379722621271135
26582.003410309764,48.787230203374705
30235.476019097077,43.75415095344823
30644.04067328611,42.74448848917156
53218.82724105273,33.57560036188549
30211.286028166407,28.57692871787659
20415.911486763747,42.51033327044327
45718.60235965456,45.1181502967234
78399.74179934475,45.04134146042466
33028.930270510995,46.798997579207615
36352.21497050907,50.20618263356754
22790.046789428845,42.031999542112864
23982.384926353232,32.84589844360076
24303.534105981067,46.365942815594444
29761.85834988571,49.30971011141868
101916.32104058738,38.31426125276436
33381.99816186236,49.35716494515289
23376.578769436463,42.62948330020666
25018.632465541697,31.806530641919775
28224.005672660765,79.0368353599084
38876.466088088964,37.843222016095254
30090.373015407637,32.31510466132793
28488.270782130043,34.76410701559442
35471.699767763406,24.583498865720987
24453.97921647434,38.59809741727024
21258.536085355976,59.583092052790875
20373.059791872558,43.57318176047467
24670.13195273243,34.00334276947192
21476.090677173688,40.866139615348104
26825.499158664996,26.15202190978087
52957.10660467042,40.95933357039297
46323.19041581219,38.08809040708127
38095.67845966641,53.12318231636176
68113.41116566677,45.26268705699189
25406.21363495625,32.64496113777529
78485.85603556994,52.684960637954795
28705.301097481148,57.82281304796921
28758.69742003144,45.654609719815014
28903.720135469288,39.04630680817444
21589.351100383006,36.160866895634754
181625.81463156795,63.77072424079744
22321.783895607798,44.682237155098306
26952.250703512538,42.37165768376077
26361.64157867492,31.119722969407352
21187.111073891254,33.34429555856801
22582.916112723356,29.372520417688005
20696.39395291498,38.910066324133886
25663.8908180168,35.975648003444476
72155.38214262237,42.905527826295156
26911.852694341553,55.556222505067666
22047.401757704185,49.43665143671869
40400.16062876251,52.201626561815026
504564.7764288072,55.13773012525972
24239.878387669254,33.946524410989326
25344.810950881918,37.358028892650566
168796.6318018135,36.121649051603455
23104.76537676155,50.1621162029448
32910.33505196984,30.910309238739075
24404.48717533345,60.46610235960741
105343.58519317918,37.01859886049479
210689.76553846357,31.35441938574847
59691.69399063271,37.3910568721751
26241.607173298744,37.99509093529509
28842.884309708694,39.31926490526496
24464.67916562794,39.764581675757434
80766.66274255567,54.9859318340641
92632.81896862498,44.89533683979847
29353.63508850969,31.271581703321555
41189.252828811426,37.80809581194017
22841.419680556766,35.86874584342322
29909.142518706896,41.90982864139686
39419.913646907735,40.39404532989055
28267.146461913693,66.28233975975712
27429.870819849046,52.134667506567496
20014.996120696433,48.09962103963687
57813.87938115524,25.781511541766328
80182.28517500403,51.5321949324847
161676.88941623436,27.286189020849285
46621.049275672434,36.64525251097779
34661.469589534405,37.76449126103154
25095.14981986077,54.3576211364964
1123469.2275109065,32.38006707877971
36838.013860580875,39.34577077284089
43128.89917461474,29.839341677244583
43233.5244849547,47.05966654157807
66262.04479430385,36.7341492152093
20146.149166569332,43.05553449534639
23973.68932024041,23.29318452925369
41873.46596366689,31.58590831179272
82646.32745301988,43.399178791267296
43481.01548626386,48.90148277627932
29172.746514633953,60.712197775208516
27545.654405934285,57.94430746420166
48604.03543455143,35.47480258241599
48975.38041869357,42.865604070160686
37858.27324218402,50.42510697770214
25640.289322942022,44.66616934577594
99657.75021199496,37.85194526566492
34815.06833917195,43.35642124722516
55542.24581181084,59.317707761251626
23845.050123275694,40.85374736145846
27041.011455938482,47.325156994259885
74710.45592598291,44.10756571635166
20781.084557517603,35.0289564665744
32958.755778452,54.26265055402812
31670.906312024927,41.15380254742835
50148.169724011066,37.744184663378945
25401.927442835782,43.97481261463672
23948.00969676542,56.11198861517383
100381.31158671385,43.242694584546584
35840.79186155337,43.03388968768089
21705.487290362686,46.91426309896417
23395.981983723115,49.9511068622297
865584.8016665821,38.72798948056081
23449.34764984913,39.92934684134737
38067.75862397012,38.024681596331305
29396.27995667665,46.80040614004907
78696.50850893723,41.144635158129596
50630.01698499601,41.67379355992813
37254.4316658436,42.02637212822493
20162.39386235819,30.65623781086819
76528.73669978595,48.750967848690905
30257.305003563208,38.42333856234081
104689.13340726976,41.26791935546214
32238.40032646488,36.809151358214905
44252.518601893644,32.361036615039794
21096.727129245726,43.14938966010625
49426.526270034985,46.05353453911849
26871.51293430871,78.57198414366098
27249.381092680233,36.08438206744465
21955.711402907735,50.94748639723957
22479.577907185478,38.23629842335494
23246.412288363124,52.21114790997927
26601.86786479995,47.99975949716363
81274.37994754953,36.206285969173564
27744.367193924452,31.7897385954793
47141.58284153546,29.77409289021808
21323.9703048602,53.69322131103397
36915.03685111059,33.525435744644064
31678.375531914924,28.82671870498696
192066.9252681426,53.35158742154274
66498.70043726756,41.79035866655403
30630.782790482695,38.86774089455223
53265.62762583651,49.916935845886655
23396.035351106813,38.287829759701495
35347.25515026456,48.62054546813977
21186.0936428179,36.21486928066612
27155.842295160237,59.049149391756174
24096.681482459477,34.95431518953356
46584.62138323892,48.81423934937224
32012.138110274846,55.76964670253499
50128.87147231098,22.42325968305487
33090.615835393684,47.501911630201555
21387.973745051797,35.10197915166616
48317.61947494374,49.8328561124949
63461.76051066562,44.13594994176231
86589.0456246378,47.07687445362811
35855.90655091771,41.022551294638305
50434.92681762915,56.855096894962514
50246.835305312634,30.024281434104537
22650.185894639577,55.03374406711958
22815.229516034833,36.347791591312415
21123.37153533315,27.0148317021353
26378.033693666748,42.20475627292659
31345.24872227,35.390760146028825
644319.2361232983,46.596963216865646
29770.64007742948,47.81022109385648
47337.441737961606,40.07297906976332
44179.26054437808,47.17589847134607
23635.37203902602,44.834217317869076
20918.09604527402,42.01109831606059
34524.24435579743,39.75743618254247
44800.17371512308,36.89753156566436
707504.2498593156,66.48949295620002
27459.374285736536,41.51641789633804
83189.52783181216,45.378919103603685
28159.553586911745,49.197325551816206
43830.53731562797,38.94742739016369
37330.91452522059,46.23049431106834
20827.719774503053,64.53254092329304
21249.80379027055,34.934029554088305
20316.397236875626,64.52464721362834
27821.492358387404,50.17287587881488
49502.38552800381,36.23970788923128
22984.072978903878,34.47162199382201
37785.05878740605,64.4082854805043
25574.09519169001,53.90604735153379
56583.304598960865,40.37754221847233
56814.67232861564,37.24865884067053
53303.89210883578,36.274091175178
33520.94868815354,39.89709220783778
25467.998585401125,40.813428130985464
58724.24711651172,43.553815965380764
23253.38652198636,33.33947708749897
25597.423813266232,35.92124748574278
23209.494099832256,39.411071085597726
42559.652690918316,72.10543744345654
43557.42862749459,44.75693346942731
40892.06751782588,30.77965049221731
29243.406240145036,33.6898858243624
21625.78132017444,64.15472818253164
90656.17154694416,56.995862108857374
32758.257177242376,38.178020193080506
28956.840433316727,47.4253504655007
36785.13077823316,45.97531065809865
23390.89848418703,41.84161499953406
22210.593231460753,34.56343435062195
28909.40035752421,28.325251424943524
24126.638565477573,52.26457963783934
24509.904288928563,46.253441578181096
81504.03153041535,34.68489157034145
33794.88203693478,56.257429217263976
31741.98389546275,63.36887542492164
43836.42115175573,44.37032169218038
126290.60202479459,41.458785489520004
21839.286967168904,29.68127884554447
63529.09530308879,40.01864096598465
36514.09776005331,32.71532136169651
22466.417421590068,40.55972067946537
25784.06875747023,54.48182855043952
31697.3000361151,49.121194468982345
43984.183559230994,79.76422355697446
24471.534472270963,56.72892813099988
33988.40292922984,39.214291300949576
43424.409427254024,31.150798674484797
30405.762809304528,38.82529472425385
71059.16465111045,44.41900761964347
73032.47017490571,57.46737386155244
31235.06701940923,51.72079506078828
172323.52960757693,28.829320388216125
21202.384514086498,44.06488765825493
20050.563220138676,54.33557408350256
28120.58767832361,58.670342847977075
37499.346749188306,55.553969012033804
39266.47436801847,35.50848241979227
31461.06030648348,35.90773162781807
22069.21078518617,66.49568577239535
22939.151733190036,37.567962942968265
68020.3023866649,63.079373935725684
72544.50074822744,33.76427307949571
42534.53368894053,40.548696790683735
41771.71252946221,26.74424902900869
37297.32641591353,39.858617085340626
23602.524165622395,34.411647700807706
29675.136905672833,49.216186043526164
44401.29342893554,49.10593203935216
34101.06802110994,46.69901343727247
20282.649964909404,34.77517270903769
129206.7256542962,56.80494624580894
66154.90089550187,42.28232416792693
24887.1412761931,50.31383230054452
38441.247606792094,55.64374144585499
98280.9427522011,43.47700357850131
21552.929325621993,30.556967724729624
32555.523889525437,44.75847500793509
30683.549313877207,39.97793360152062
29063.460507437678,34.03718347175934
63986.98035352542,60.90344122069054
28119.907029758473,38.921927369757896
21003.10844557621,48.31268162429283
21039.169767817828,29.18350682244999
20662.48464502295,51.414325929146095
29028.418409476817,44.76332764577302
46534.00726710676,37.907937851773404
23619.327528635054,29.92874698834089
40455.34839269116,46.56020872990056
