sensor_1,sensor_2,sensor_3,sensor_4
24.557919595731136,32.08739348810352,28.08458218799545,30.51572553134015
25.094281028061538,30.746297754243557,25.72099441183747,26.476662261362424
24.476236827316725,29.08902507702733,28.327289552005738,26.2841969697996
28.24216149666096,18.78473718656832,29.292953572396705,32.839311968033805
25.012125873469483,25.747115036808715,28.33189172562463,30.025739481979542
25.746511236254136,31.31647685366918,29.21720432786118,22.40353710571516
23.289240421515732,19.12410704797242,26.599970329813424,36.322703347317244
28.44822788099874,30.28647357084112,27.875639891358848,33.674917777489625
28.67316786040871,32.64492204345729,27.524048373750208,41.199554995844416
24.889333140793287,33.33311446841373,27.393121225726016,37.7039572377727
23.247114910958558,32.39262098985883,26.39871767109622,16.5092642273961
20.15207099884883,33.83356780646845,27.136354901150114,39.08486986918781
22.394210708092874,36.42244553296751,25.774590809986996,38.037456246372685
18.498729815422728,34.38447174163674,24.61169067635084,28.31813623822
22.268072439736017,30.787325595607722,26.59856667891848,29.837121214384602
26.0709102921858,29.461520580908992,29.251919297562328,34.05862553620621
24.848800148202933,30.458551498210763,28.46813198211136,26.92892495601586
31.969800953364185,28.898007393301125,25.486793591505492,30.786355658935847
23.886829855598844,34.4703229289825,27.18797729323923,37.000187229129565
23.652604777136673,32.28840083320395,29.384928682728656,34.5886395434504
28.188308798586398,28.475694182213093,27.103017260425798,28.666076180191304
19.219191135263337,35.29635113444838,25.16446761374219,37.113802783206125
20.554698332261538,28.832484583861557,32.51525709282868,33.514476312714656
26.9915240837664,26.21691341570689,27.6660823386941,33.34352726473437
24.413727391091886,29.95702981339682,25.672842200001966,29.42533818509398
24.48251189680763,26.703466065313112,28.342527051640385,31.96730728165569
22.18854652649703,33.744822950149015,27.82879333537453,28.129542591901135
25.71931052074793,26.6182712647801,24.917043790171263,22.29724207648175
22.575930236060707,29.53852148715669,28.18673772160633,30.60103917150508
25.218229986091696,33.75882996778236,29.967471022791294,31.389238769526006
21.524549314440293,27.151192165658628,27.534179585019512,32.68644389743832
24.45280903785233,31.644574133278574,23.8796029055666,38.06077299184248
31.074606821487542,26.10633856598219,28.683843221178606,28.73857577636645
23.72519263078743,30.977532508788723,29.205800090496307,30.1612399824264
24.604725435424662,32.26898739543009,26.827175846344176,35.83088798810609
24.39243100759275,29.831397873274128,26.84187679732155,28.237389427090772
25.523594225033452,30.134105149913275,32.51571260051529,32.76874764404239
26.40445593905276,31.775943286242118,26.683571402315795,29.95858993217822
25.771713252029567,28.87796566150212,25.7562380673315,30.78187808644287
25.837947525317514,33.55821452431851,28.050228168052023,35.79072444605339
24.457499846803444,35.48456418936836,29.1496846515408,30.132734720097798
25.300869167521117,26.296861362945513,29.064867457420632,35.95372003619917
24.35813371243735,37.0682382978308,23.06386449138861,22.23783445897421
19.562923880718643,28.78604896200626,26.678536988222056,24.851926630402694
32.89184502955562,37.9773797988794,30.30577609025748,20.408999546255757
27.184518248641652,28.84033165654455,28.653378930683413,26.171146914165167
22.06204238414635,32.82951430056788,25.528417176987148,41.28421831424586
25.6901812131502,32.80804244611763,30.48481861579241,31.912320456582737
20.961577832259383,28.45075384710659,29.929795438212356,28.393486247712715
23.517395352511883,30.290509552717612,27.406796783954256,35.914034124962114
20.554034376622614,35.759602225427244,29.758934373622274,36.62005528628586
24.846445463078716,28.711270200951976,31.99951166391604,25.89576092968737
20.25593432160983,28.32981573498165,25.891239609509167,44.491000589870566
26.165268682938596,25.38613119525554,29.11089236440586,33.38165421500528
27.04666324273849,36.27020888041972,31.971889552176016,34.01175994227171
22.519058201249123,28.076893753981587,29.306059106591057,34.48616575678931
25.482682612597188,34.79992087179178,26.491234281271396,34.475689350229864
22.36010694393277,27.5945807317161,28.477826480882776,28.89263297642761
26.53519289280972,34.674338460781655,30.739766519904723,42.56259645481401
22.93414585431262,33.226572466891,25.96846706615168,30.574057766281705
27.366910375140762,29.086272315734565,27.939806585418935,36.78758888821663
19.565224538995032,27.06289611484232,27.513034356436535,29.62532688889376
21.985072254700338,27.38787769816778,26.73717672649174,28.73866748448343
21.673551036140363,27.336800519592916,28.48310973695279,41.50932306625495
25.610061275214992,34.26073272049456,27.798565491888045,31.458144816905797
26.66526909832476,30.640921458453622,29.286700359139502,31.829463995052276
25.84191210034806,25.539510269965184,30.281938988512863,33.41808602752505
23.47307041482789,28.99146635599568,25.454339159092108,45.00885235660401
16.61473880217424,29.475919592238867,28.135062127960982,42.843805839607136
25.11610688427269,21.444044425545048,27.893747722491085,38.41891304162887
27.36414725295121,29.213948342295325,28.406829346779165,46.26811291370225
33.04152661489974,32.89277190411494,27.969058310465908,27.277116400395457
23.726814337868017,29.449488470970234,26.03867417553993,35.27941995345695
23.00405346719774,31.017627514986607,30.909499070741177,32.37911465490219
25.96076434386446,31.938052523091088,31.761522292405296,23.154561339820717
24.231524670335663,28.62959103691571,29.09377940690337,34.315484653318876
28.826120221789623,32.923018644641566,29.19620355952231,29.545867600429755
22.575434025255586,35.8299371913268,28.262098327922345,39.66750420490155
24.25345684302691,23.90456545021038,29.938406443558005,30.02489067780816
27.62863922281704,28.620600990373838,23.113709389538535,29.740540153885785
25.925092937895656,39.31846993381485,27.992275442416275,39.665344129256525
28.483623015274084,30.682261532831998,26.854745994608976,31.672730107889144
23.690301845711,29.86059219803598,28.291636196042578,37.81438846873578
28.789853507106113,28.96783027911174,30.185255130346217,34.121797199616495
20.008478880169132,35.09774057709128,28.038068352432155,34.18885730651736
20.128584065582793,26.244027215083328,27.27901532265866,30.779763135597968
28.837119749377763,33.70469810674055,25.193457940519107,34.51105022853504
25.02204872639425,28.892995876886985,27.78144697556322,31.342540940053873
27.762447597639987,27.000628309167258,29.34455539382136,27.980982761718156
25.29841287432745,29.075589397323387,26.317823745976064,31.478728423417728
24.9788772744079,29.81447805639171,23.993320285981117,38.43915394337529
21.015937422627324,28.00902549830866,32.548480302422725,34.68004612795683
24.919481295048545,34.45109007126022,28.670350968201394,35.84220365663383
29.084821708950255,27.031663620308894,27.556852822818083,32.007336857210554
25.170010882215017,30.560299391839308,30.781989610408743,22.311049219092524
27.04623458722068,32.14973036555212,28.282958682967607,25.89285750790462
26.963121878180853,30.518892194733493,30.664063623262468,30.55497223228066
21.961875950015106,33.08891973393317,30.492722431754444,26.32468827241356
27.571390995258156,28.265743868945805,25.45095825222974,29.378212187046138
24.05881383082046,32.49050815924929,28.91998923282611,29.19722715142899
24.221042775115915,32.608912800466776,31.45057131393869,29.34795629936217
31.29308556701598,33.87248030896247,26.002698619304386,39.18584927652056
26.791910100494558,22.45736820695604,26.027250815895314,31.73510862535235
23.084493927168374,32.03618455469627,26.365597860995972,36.673350790502674
25.193614189029166,33.605079078246455,29.780837170980416,32.81972472279013
25.109859779074668,28.35416547683805,28.56877142572719,39.07873303830056
30.05827946301698,27.808714303027113,24.128455338320748,37.10489802573813
25.118381741392312,27.194489579110176,28.68189224703387,29.042420651647163
31.623995959992904,25.871977374670507,27.496170134257685,41.8081473664909
21.109801907739882,32.663040216031206,27.775448262699662,29.72738796490792
24.902941738987916,39.12761166605669,26.32595980711777,33.000003329158304
22.711433673410337,27.775919911367456,28.696516443028266,33.88513416515164
23.515514183741125,28.133806215180034,30.100916560613918,34.44182380107249
23.580635486171932,30.06158614751158,26.71606726533504,35.98089947488117
22.86607996000337,23.59209995052128,24.635087938126162,28.216077906261546
30.190515414956863,27.21780666203251,27.39377135696657,35.56167633406684
29.26768098652754,29.772137278946936,29.512573457204457,34.90572778504337
26.207933534392367,26.424286707996334,27.15793930827501,32.002360173945426
23.576944315331886,34.78976550619867,25.004902077679677,31.051282480229695
22.950300871666936,24.824730539728428,29.526485697838762,27.959491772371457
27.225426224433306,33.60402129680846,30.830696293996624,34.40175581062226
25.900452853708526,35.8740090875416,28.04003110022185,28.69765240020852
24.565522139201246,31.526898979387305,24.788418280036804,33.18940385099824
26.623579021901293,29.45019777217609,27.36433891596091,31.49335488590955
27.673211622731476,30.985127251889992,28.303077761650542,25.329196221253873
24.537879909919084,28.237745864240424,26.380573385496547,27.332807430635036
22.638022261935763,21.855727206096827,29.16674446254283,34.02387928886767
21.036652999518964,26.082990667982532,26.1850777702004,29.37840943015296
25.75189502302439,29.955283538088473,28.05125534480405,29.207899157562334
31.501737919398984,26.23725246011794,27.543355831323275,28.18026298877824
21.66801019014627,28.347508456922746,29.23170959630017,28.34994238567757
28.298407243102172,31.916716637645976,27.971461644810883,40.21333258928174
22.973331521959633,30.580096689889974,27.60701659984148,26.400304314976914
23.577905392260742,34.23389908847585,26.39426951953214,39.36451622832589
27.744770440353495,31.17667015200641,28.069538029186536,30.346343896008605
24.23422553001341,31.41188299889147,27.479584997282117,28.73122753711062
25.74477938947144,27.150842856774883,26.258939487543984,33.91911781915635
25.687284268637093,24.675575605034417,28.318982048836865,32.26520392135224
22.978157014709776,28.348311419957877,28.727942680112196,31.01250024565668
27.685292667760596,27.091260469388523,27.32318555588637,33.09941815246736
24.815253438301628,29.33292947650206,29.863138462127512,32.18599098468134
20.834469253248276,25.735846548458426,28.527948618872315,30.922011243300798
22.32254794260219,33.36995494894056,25.432292226282723,36.6783718962537
15.650041457620326,27.07650029394596,30.674787989827365,24.765116422444198
25.155976096523933,28.5449239145074,29.533975862760073,27.426675884177932
28.91219939004651,29.919231588104935,30.003662422523064,28.058924163490424
21.858550516660127,34.49270778640673,28.80100591372554,26.710316689955455
26.756614775015485,37.03477134781945,23.32454571894596,32.42963304666203
26.291702152185724,37.30976776445518,30.185237182513653,34.527097795372455
22.744367423237478,24.872817518594367,28.121575366639966,22.187347527395392
29.60960246895451,28.507438095180014,28.70643836366159,29.62973463482097
24.18201867932525,27.74645419819079,29.08076809554733,30.391682097254417
31.03080513950966,31.481236510902434,31.872554225289125,30.57072021921285
20.092963092999334,31.237130412854373,26.907552631067787,25.57456015066737
24.19259334522627,27.667992606536014,26.9591940195211,30.43339563586185
24.54924392795003,27.352254364946496,26.297930956580863,27.444385540649474
24.878160936037958,26.01026504499301,25.860114897209765,30.3281144664934
27.148992952864845,19.383350617160573,25.89693753283061,23.401862406672322
35.1943819529887,24.807341865869056,24.296470507459162,30.362202883155103
26.365198460604272,33.46709866073845,28.85331162118495,28.404832020187534
25.07272072787643,35.85881793496498,31.97561312952417,30.687594761265558
21.711401429297435,35.39143034904996,32.10314864364044,33.50396355157237
19.32968058203874,33.63693576873188,26.295263751916,31.776324697923897
28.510782494104262,25.9522322139403,27.455691244721525,35.966976008877786
23.359647532252872,25.27511020956647,30.466684360901592,30.196167934018288
32.81247505973685,22.755907428472035,28.864693928415566,35.094424089325464
27.604634855156668,27.667211368465118,28.26903134318923,37.62493553190082
26.02467842034389,30.348424877223884,27.486530842314863,33.36879852731977
26.18238668767633,25.968862912329264,30.35660288988642,31.896010847338943
26.211930295166397,31.724352294548407,25.85389808258707,34.07181042089394
22.91629916390869,32.607431078062405,28.961750130891932,33.54541808727229
19.745491888538947,28.10203822100651,28.689867685045225,37.006215040466294
23.34794462045248,24.63992908830579,28.0867439133667,35.96899729754933
24.94493132741879,35.52370625520519,29.57545931486717,36.02913605212387
23.05654809631573,30.140568898483487,28.067474589865604,32.22012978780905
21.141749350120154,37.76482403306369,26.930944820125106,33.70613316346242
22.755369055112574,30.369516597568275,28.185022617964286,33.61263131627984
28.107197400918825,30.648851668984896,24.815792660724345,25.963102989461476
27.244587353182443,26.142012720041592,29.225429462393134,37.34458009212656
25.514229387710515,28.30582666643688,29.73645850699915,23.653547350277655
26.76129377890089,23.76478892232833,26.68677093710769,35.56093328813519
21.604199597217,24.625502546860886,26.210977556763453,33.33498048428854
22.613725624735583,32.96466018930615,26.760496686657838,30.578558861153972
25.933045223134574,28.869666467532067,27.873954045240218,33.955950794131255
21.98647350720153,28.309367885531515,28.431771916071195,34.09284663114724
25.32519474426463,27.038296077251495,31.230983887780162,25.46100046623462
21.212426217841678,28.457905182225552,30.97818203222231,39.08063141040753
20.05116121169916,34.53225376642869,29.663085330145066,32.360690269258335
27.20823626813463,30.576887027490674,28.24252132469837,43.5736615227046
28.08113755653328,25.27994047962285,26.146151827800786,35.94885514318353
23.107537018277675,34.121538775555976,31.359274466842525,32.24698673457692
20.43861225258734,36.900154359192065,27.504715738635383,28.54980357003691
18.37488343296129,31.97881867220089,28.562748267870504,31.445802314036357
30.52600044860329,33.56516084715531,29.254704777088733,32.74915364291333
25.33417256051488,34.88313166947573,28.123191710745356,39.32715077163861
23.17602010849526,23.37358032606243,30.302194690897643,38.13329917155265
23.908265308517564,37.457081471542686,28.91078388820504,34.25744241237473
19.260003249553208,34.39525628270881,29.977277044278523,40.845955846183315
26.859695421298696,31.95541880365171,28.894691118612673,21.919094351997238
31.000323075656002,29.49815784339132,27.92420067556287,34.31393693264154
22.65172897336187,24.65103033632462,28.148371223044332,38.278259592602176
32.15037110994059,28.674395585214945,27.875519043351996,34.737188857077754
24.650785301616697,31.79358806611846,25.4314283631411,25.335960105882506
30.00025938563101,25.58256648384154,25.998361078032765,38.94721566758897
25.92166313288707,29.72101093047706,29.481095071647363,35.80674281686717
25.918393567014988,25.265834516756303,25.481257450068075,33.7150598010673
30.53177722754586,28.461503295743277,27.191553419249626,32.44178995578036
27.348111815805552,24.58949053497046,25.899792861066665,41.96851034074378
26.12454423499846,24.168895648811194,27.084562103922362,34.222587718664755
19.175989485784434,31.360357645855615,27.68946139179248,30.79040170631418
20.478374302431295,27.680969766398203,27.18753248326705,27.943107495522202
26.375664922056764,28.05683761436608,25.143271145499853,35.78764569604307
29.403349916113726,27.46622546091648,27.62893899530707,36.93116697637801
25.38535320173888,40.89247195050572,26.082207677104208,32.28257777241845
23.226086083363164,32.42946834282315,26.726885580547798,29.211107600769616
19.48248883248518,32.858974156670826,29.48104030659999,38.65028299106025
22.649244827548653,26.898337854773757,29.910785992914715,27.562922911515837
25.392943387591107,32.019002754285324,25.378058328554218,41.8472269066599
22.430630043262717,29.089115987687656,31.137331794156292,28.327330908259842
22.106661188807603,26.866201036398422,26.979826846562045,25.60850993075666
24.846648209570084,37.71636560487428,26.797979758736215,26.24816651318317
29.34523501036717,32.2911654488385,26.21669042531844,26.45139585853383
27.054158163665253,32.089354521888744,28.111824149973074,30.817019479815762
25.857615356110347,26.11306551691311,31.963100500097873,29.659137421995784
25.565459142281263,24.919163026452214,24.920681162094223,37.12319912415358
26.65353010707142,29.76979411904736,23.88622747315685,36.410374076447404
24.66960527265193,27.705943917918287,28.53702105149418,30.88244470492155
23.76675514696455,32.450563770350826,29.138678345850597,47.516922028824354
27.214581877774815,32.71704352355486,28.105344419630438,30.816194666075035
24.32381415351303,30.262013072477373,29.191598950832663,31.482418224685677
21.434207792597096,33.31085269433101,25.73747801321992,25.612910259338076
29.329900030389364,30.773217592423972,26.11026045540849,31.59729837687515
19.390218114855752,26.513241537724763,28.24791586501179,33.4870034569555
29.55496847370194,29.206901133142715,31.51613872145765,26.078895530530943
26.519365739523288,30.542932170348408,29.121361320180103,29.506542875951524
22.092547801782022,33.71570024256739,29.21440797948849,33.63505364987807
25.072763661660975,30.899803377756612,25.8526470088655,29.37582260449615
23.7134097979082,27.714197581382994,28.844810165663844,28.329204138145272
27.423177185065143,33.864685223790616,25.635701502396405,35.910665071019714
27.36379375748816,31.52302338299173,31.53551471592042,25.58943094433468
26.384090563240278,36.18269490234665,25.976145381273252,26.56038810703172
27.239149242950695,30.349109875808864,26.407038763003275,32.8868967029214
24.655502724741336,25.850685144921123,25.05384871387077,36.23079631370142
30.285025285581934,34.70791745419395,28.17163263911279,33.5276198311331
28.67082065037288,27.69284014614699,28.087583295726215,30.88056372321895
23.56898284503593,31.181696508003046,31.026482162353425,30.47305690397954
27.432585148099673,30.74286675747586,29.55282983727686,37.05220941413268
27.17074685773017,30.182517319951454,26.4184665734899,36.295007164853416
24.220715034136973,29.320720111291205,29.746791072834565,32.24924625921453
23.98523006725877,23.391423472444732,25.512968655351816,30.61190650431741
28.64352403533341,25.991584301478277,26.563293922338715,32.17636096322652
24.95591874092332,34.4885292889219,28.23691909747844,28.364012757034626
25.78051567100936,31.71520287109704,25.736227242934802,31.249121743025498
29.203312196392243,37.637188202505854,30.129317700816284,29.552316640047174
32.60001700209353,25.849180711862097,32.55862566969604,31.4957759081077
23.42012515905831,29.87737557859025,27.410955818374727,29.731578651695493
24.33729924723668,34.65277407584551,26.696626162617594,34.61975936969
25.222012035828595,27.736705958585286,27.74082077865191,36.092026999247175
25.29020929821404,28.05853182355632,26.885255342975988,30.10142089892656
26.129064665835674,28.82664054144505,28.523460876387766,27.940601655666345
23.529464475589,28.218608820013795,25.35519103859435,35.558108670920866
21.20142694116152,32.12718959392249,28.63701279720275,32.9237940639422
30.261475734549244,22.87915932073629,31.82384647713965,30.166319607414888
26.836247502411346,36.57090362959187,23.995714893518898,38.87775956681604
23.744392799981537,26.161346693778224,25.662705140119378,29.174828697667532
26.311339023762198,21.531313248019536,27.109885312225494,22.03531842159912
30.498851577861263,29.9590424087311,29.083785640951813,28.46020314684001
22.63593514367303,28.490396143786068,29.780764191530096,40.091892384456564
25.63342063923088,29.28808100466955,29.619868985001673,30.41148134466596
20.83040577729541,31.250306301342256,24.61659635481001,29.422803542820212
24.644975128378533,32.5793651582169,26.6513083468074,32.13301560626782
26.849786158343672,36.74660541467159,26.199366183763832,37.05531543946451
21.655830232134974,27.23943664980442,27.86960223130035,31.585500046414207
24.43839589267457,33.09716423265744,28.036560171517642,34.9567379095432
27.39978189858975,32.835745804274865,25.261545773058845,31.053668845315958
26.76760039669777,19.43685745769838,27.120891289828478,34.99605585573183
21.527104957213417,26.667222389856505,29.16103709119141,32.901313969507555
26.12132462470672,24.852077742876954,26.743338330820897,30.01004112555389
26.676156511562134,31.791571434231695,27.59953332921995,33.29045988300668
25.323956550058092,31.351303663727954,31.39377963916128,29.28745046142633
28.268017927950076,31.43171079993953,31.98005902703835,25.10905824083447
23.231658044080923,28.777630929942337,23.67727781474928,31.900561030739308
26.237453388374536,29.180973763679383,28.22779514399696,25.553128210550753
21.50439913884029,29.88567699355571,33.834065542417314,34.98714767764444
20.198122470449864,28.395546914948284,28.957693735665153,31.8125461413759
27.34323694364582,33.10872908841929,28.036980117894313,39.11645974211917
25.061687411289483,25.721345495950132,30.625376356899295,30.348814444878766
23.60974728665171,26.872744546564707,28.43618561292333,31.89986401578238
21.80453195771392,30.48527692902623,29.418274291022673,24.651869744267433
27.48130714529002,28.528283127420163,27.579391010015915,26.479533444147272
20.475956882101514,25.564873682357955,28.407020720829834,23.606386188257368
27.978632404566063,32.12770128547541,28.8532613800844,37.38746905573082
26.35299211129784,27.71085050962279,29.73111753134797,29.702228425029404
20.62662583595545,26.62111611692837,27.13655863582116,38.63539875696702
25.37788424463592,29.302481170384397,27.082201824418245,18.596944329630823
32.96117462609905,26.427002009926408,24.14503514493181,39.74037199272054
28.568254853390428,29.863274684678043,27.225697888300353,31.659885546475607
22.515918462437025,28.561204656106682,29.906070730195516,33.69923694482666
27.15011704671613,27.94967958501296,28.926448912000268,26.685286349084155
20.752260611389364,27.974665749875097,26.00649619518847,34.63644959418664
20.88605747168163,33.982460656100976,24.1922750497516,30.130429269723948
24.79808299009685,31.476869645110714,27.71515852982487,26.030228889773834
26.65495680573722,23.163213895266587,29.847555705287952,25.961668235490325
27.433990956764255,33.53194482184716,27.042203336380368,25.8732478170885
27.475551173660104,32.06622817919934,25.110154991708402,33.90119797898415
26.4842503376056,31.830059607380143,26.82098565539077,28.82184192069201
20.1580266187117,33.551643545007,28.652317727831527,23.799531221450813
24.817205094558147,30.060120147643186,30.484874573051382,33.84649757018854
27.906045674893665,32.48033472644783,27.486609943751223,21.13635238398668
26.329872779822278,28.142112240574615,30.109784825103493,38.64536048497048
25.54631809617198,33.39032127283671,29.888084296298167,41.93205288136626
25.98767760073094,30.872454220162226,25.646669685229025,25.43788162236631
25.93755963933166,24.492153382256426,30.501416236538304,37.262253158070216
19.10530815106947,34.14553987172218,28.590225534154285,33.745490012027524
28.46467342790618,29.484381404918462,25.58663389251156,29.4998066172536
24.668401277539633,28.927509163928608,31.521662679875465,29.733137896850813
27.122759372456684,28.22933015742705,27.748848824139834,35.27239156455054
18.083063484387353,28.52254552428703,24.113113695378164,31.800246011982708
29.98297571242187,30.918541260295303,26.587467304191783,19.028954213465774
21.530765068681365,26.04968001933879,26.095091516569546,42.36507201501762
32.62402309609158,23.72554930207021,26.636520131770265,34.16587092992402
31.357721161686854,25.742137843601512,27.109629175683505,31.739946095914775
21.02525194173261,31.52687140336014,27.48522146743014,28.40788380157578
27.451110058777573,29.352247413746955,27.409994582965727,31.055197481667843
21.948364426299523,34.45277249830791,27.805029548045884,38.34593629425596
23.081781892376437,29.740349069019917,29.17478677283511,33.30809217273101
23.149502197068497,33.37005243294478,26.507127281545436,33.87687312224003
26.34379202013817,27.228741567799634,30.36200106200789,25.754146901765548
25.97391037128821,28.259431162391124,25.549633002856652,30.25184861886639
21.39522753497965,30.03809663173443,29.23023771165085,32.25525753371674
26.319854210209332,29.41209207181145,31.286542655371868,35.48283171728771
24.387672620519673,29.038539873469176,27.64528690272018,29.92091895060673
19.53834135501628,26.51154178996721,28.386930741976478,36.63934382737607
23.697903208692964,23.657751816536205,26.064055219249056,26.27823395827279
29.98128056048004,32.52406628795398,26.976436551749945,32.34768161543481
23.799156186391194,32.07704141743085,31.135357074429308,31.51192560550773
19.493389566922282,27.544523107705132,29.496964588767284,24.422367693072054
27.44340019824552,31.515535151211346,28.837088640187947,31.76145921662052
22.21746944587042,29.33421596212025,24.124050905566904,29.086977397169314
25.64328679123734,34.424687007169325,26.56705419786683,39.068873637464634
24.484040513775465,24.750961626698526,31.477983620653706,29.948719820394565
30.28501069641063,29.493094633748985,28.821663926248302,33.75435267296357
24.48615002660744,29.17381306220422,29.071190793688096,25.844790085923293
21.566232173980673,30.64446383542471,28.34111030789221,33.18284446706612
23.59345718781453,36.1485512435272,26.774021022132906,29.924768456952254
21.313671552851098,29.505131319446054,28.665083180912887,28.11861758016012
24.372205865006773,32.9725287194328,24.93957170835498,46.16946115968721
30.309372198511333,29.408734939696917,24.789090601921846,30.232754856250654
28.745404118268276,34.28365177349835,26.52945056124489,30.9402553533803
31.123571509582256,33.011393324801084,28.38432847206653,36.50996726375069
26.437750287690175,28.666740021967986,24.860653749943054,28.157866592369974
25.429300622929297,28.378795756786626,28.2540853840298,34.016361387054346
22.00512082503679,31.947842557718715,26.010881507337057,34.5516020622209
25.809003366961843,27.37837584158157,26.28034905842421,33.22350213230854
24.608916157061955,30.762530382524844,30.599176955330414,43.481696579646794
27.33588209392647,28.57681368828049,28.074588159641323,27.978654752356658
21.633235063621292,31.472410592627252,26.192389243128904,39.688003007869895
25.158047362930247,29.355929697350323,28.373666945521904,34.36070201212783
20.27950862795671,27.229675290438134,25.060763391987418,36.547248065949674
26.012837777665556,34.42122762961445,28.764660655599773,33.706171858417136
27.02725564452761,30.958224948973527,30.214636373031865,41.391386758720934
20.135469725233502,29.78565849872456,29.323457470043195,30.399610383639356
20.980743238941983,31.679954980883217,32.31542860887593,34.48610119221684
21.112059938056696,23.31525066841347,24.123217877475568,38.52736470285338
24.467125124070037,38.36073929906424,28.253938160159574,29.20578651464371
20.807546161508668,30.098751055542632,25.31299854035096,37.00218338648346
29.13547066645819,22.1473083604747,27.65355713729647,31.906808722028305
26.30845894452411,34.788378105035825,28.003087936824507,25.82558186332811
26.797118739203015,26.994445989268502,32.55969096594903,24.742052107250565
20.23285634315999,34.17485341310452,27.880445779215332,31.545900833123074
28.879534256584666,30.486269950850595,27.8431395594307,36.95442560802174
26.948828320295686,23.718340700644056,30.01031821338018,21.605152175162416
22.952963080362203,31.045046834420738,27.894356520944843,33.00225019564423
20.374696225885607,30.7508377925117,31.662294150509265,36.461885674424536
24.771618330793274,34.60708587754749,29.33936897863301,25.610250573394012
23.60070576291618,32.08865548155367,29.657006159640034,28.830166871849986
23.72521949332912,25.042353411779636,24.264872127122487,34.86183470788825
22.8837040117653,34.00907709047405,31.970425637673102,36.24268973670994
27.16430772203225,28.34374226879871,26.687082159395878,40.02049111099518
17.198274941412006,36.88106123541974,27.98053966498331,29.0682959934997
29.28978337099627,28.58088045059857,26.694592189729306,27.922115727809107
27.99434946614836,29.154834568826978,25.951497378744254,40.26342732340972
25.632055564886436,26.71231866970499,25.59566326565132,28.225290669101238
24.567743288642518,28.005607857303303,28.20648331739817,34.536427538003196
28.249151966660747,26.94823726667154,24.060206413118802,42.91557428216061
24.87322253171891,34.70579530146509,27.514395425376097,35.763543468030925
24.16471154642958,24.67396680178219,30.115537294604476,35.91635108468365
28.416154203568293,33.21831854295057,29.263884475484367,38.39033052382714
31.280187175149777,33.31464048607093,28.86487077531212,34.62433788942654
22.086979529768083,35.5101900917863,26.20923091561688,35.9403520080148
26.274397940430354,30.17504611375974,24.827809615362177,30.287051929313517
21.74082436636736,25.893224967702867,30.083588238043188,37.799812334207054
26.504919046782575,29.312967810560153,27.10208036811965,34.06740807939781
22.6654555648735,32.37879411992325,27.83384311807223,24.609654547037294
28.634644770735285,30.338919754000553,27.604810862555283,33.21471956175408
24.699641794116257,31.466911008743253,29.34478593976175,21.151759589077223
25.139436007614364,35.46114454356547,31.68663209225192,35.56956482829431
29.89334529236675,32.328013417714466,30.924748302846858,30.83224228211809
22.800991242662903,30.79376611412342,23.335522969607354,41.52776333571866
27.05452658231677,22.622553351117254,27.382922057421922,34.44815632345076
23.0996396743489,26.864597661381133,25.306512962962923,36.62090795511967
28.588892631529415,28.381299527223245,29.87685771516037,26.753883749764906
30.360266346490967,22.09154728218218,28.00796696324817,35.422873625179236
24.2112784063751,25.56292565413133,29.212303743070724,28.796709886986186
18.417728800716255,28.926189755212942,27.211751058884417,37.45258837371335
22.93558881354523,29.57712790119561,25.92125678813804,26.40823886999759
32.297908972065265,32.02324106257464,26.26343853640008,32.549036764284665
23.223657420430904,29.178829623794428,24.933974665484538,26.210587840417055
30.313063451194182,30.99216257158322,25.47273186099686,32.629049767426466
23.18114202961226,28.328842203683738,25.05141388898294,42.1124345300029
23.107001932318095,30.1680529182139,25.928594644373778,35.60634040128264
27.33756273100241,31.80389124300683,25.815443671937633,31.836857490453216
26.978022985207335,35.89052100265223,28.788186210056438,19.689204383074767
27.556522543965716,27.94142876759515,28.709723289309995,29.321564409282168
25.014731675690662,30.576727966035715,28.78600841371637,34.37326822878673
28.10308029404368,33.47651014887278,30.34999072450316,29.44571162198808
27.884500282911905,24.241625568679133,27.84332421724777,39.1357512398172
28.447084188994882,37.99130450010853,26.438370805834175,32.35769081225302
23.12932283410258,34.71612301036779,32.422807151860404,37.392975580559366
28.100887608336734,23.15404605854024,29.811291806607592,33.02450428988562
23.435991572598542,31.48552736641376,28.304639586409117,30.62008928446625
24.528696310031474,27.742186264543538,28.16574890798466,29.643367482148037
24.467118887130106,28.410607872327557,28.5793070418006,26.939229808388603
22.005688267156685,31.40200598728842,27.595797439291566,37.48306591731026
19.79344716892082,34.201598143497755,28.256449083007645,29.85994033972899
28.671172127514165,28.13650823130686,28.998759321231592,34.611484208082956
22.89325137291057,28.19020717686557,26.54692757206891,29.371275083659768
24.19078082627472,31.488667049464432,24.73176829632593,26.58485547703841
22.807849659704054,32.28782528789,23.84871446422077,34.775704053127846
24.230036389893105,25.97147451278368,29.77579763786743,28.26648051859552
23.482291178822905,36.89469160676782,24.834151674565096,29.997563775664315
28.837251608327264,27.426742691360715,28.930687987915753,25.756557572857055
23.228487554209707,33.85869695874568,25.691288209903732,29.534383742102655
30.143662443283024,31.80681859956271,25.72350810788014,32.12053584143948
28.417814197591305,32.425295688033145,26.563602478988475,30.56254509937735
23.576659025516562,27.504194335034928,28.388264304011287,36.09113308229808
25.959434904388534,23.104599124759844,25.422816583244813,32.72760371532756
26.558038988791402,29.914394008363207,26.766135059411763,47.43656905556172
27.524821611275172,29.930879455754816,27.948561855638886,34.12125293834426
27.821401023164288,26.167912369258847,25.579476418306122,23.322562324161773
25.559897969538216,33.671772766248445,30.856468428949384,30.935587920446775
22.13673070107427,29.79388224725424,24.5549245148124,31.36875926125206
26.92266497354086,26.76370935223019,27.56366163509834,28.931843808098577
24.29048087362743,32.340285377536325,30.545081265171003,32.3630541711811
16.63238502395839,32.44648000445084,25.351066872218777,28.783014688998122
26.170835431178638,27.134608243456398,27.78074829902457,33.66409899471598
22.797669846283775,34.933567729637524,28.265717365334496,22.456561436145883
23.62483576943894,38.972975852921415,26.38645909599496,37.72079235895957
25.018063407450075,25.639878018105417,27.84503445133623,24.10854811924795
20.339058869890177,29.26522413449363,29.122888921719905,30.682222239917323
25.41712443134016,31.348039203595963,27.065718603364218,28.33646605451413
24.049877667177192,39.12104092119571,29.52865922826077,33.529600355237065
22.36834004233932,27.064890868770483,28.78546188076398,31.083794446323356
25.1387254750546,26.241662045621005,26.834199597693132,33.2582533283982
19.929411347101595,26.214323410860995,30.2549087342451,37.55596205727139
25.22688033517121,34.88569437356781,26.518125772633756,35.84307718833481
26.411796740510077,27.16867488706426,29.711786610810428,32.181536708707796
25.915745978852712,26.599463189129526,26.553968603427865,34.29753883319331
27.366652622645926,30.923869314780617,27.367853282316528,41.80003759407796
28.496057147656348,31.232885246335922,27.674711420445714,36.021191473413374
24.755956818892756,34.28408188845134,28.677166181772723,30.532310328563913
28.28634845352685,30.367704148028906,23.173103659433046,38.38932168695065
24.744744503046938,30.99572842384107,28.916031102979712,33.956551604097214
22.901617379352167,29.5789175376828,27.79504155371518,27.186125743664675
23.821748144808762,24.782772305894348,28.571480322553185,31.0963885490911
25.800932769614978,29.201581310545283,29.004976647244206,24.638713182585136
28.25553354451695,30.251334291677363,28.787617675982528,20.574899480339692
25.00438856444137,28.22470608123467,23.985278295481894,27.25479854392217
22.979029385190426,23.742184053504126,25.877978802423954,32.61290534340237
29.332780140461136,25.46003812895552,28.665631868652127,32.62754437241094
20.695550465960036,29.842474808419407,28.399392393250796,24.942121574374685
22.998383846571024,33.73101238362104,26.42089262896736,20.106190363706492
27.678353134680965,36.72913638449286,29.475278400119763,39.35381237160359
30.299371739612685,29.26467767871951,27.48714966174284,32.47646559580117
26.442043792661185,27.132502917150102,29.77145270776371,39.778559889581246
25.74966267449149,28.509962005864782,30.420042622891486,39.492955484178516
24.127404489427974,25.814339055225155,28.556604103126354,35.67354833786498
26.644213474147783,33.15098216524572,29.111104963665113,32.29571790845896
25.38810301303244,38.550446517516896,26.783079837135478,30.0117459290228
22.736405937956373,27.22986046257999,29.78441974561997,35.59298261625019
24.07301869488854,25.23183382335227,28.436248739362007,31.20071067082131
22.39766200995821,34.02593331996114,27.41057792231164,29.051903687197566
25.040846843142482,31.27220619271584,25.56236333356469,21.51047657855568
25.485518419127803,31.339716103581953,27.0291172617918,31.584473457916975
29.90314959594329,36.35269571268382,25.781048910320514,37.48335443748065
23.207808622928134,24.534054717458535,29.52297947787872,38.296582899475254
24.457669735589537,24.422333738964376,30.44085981917773,32.26639355282435
28.777543964539614,29.35314273527758,29.83253839785974,27.55644824696637
30.415268051373673,30.25361404344197,32.972040492555344,36.513719277594
26.424132932195995,28.580206933037367,27.079186157006053,31.923172761766292
24.239310485655395,39.84301171483352,29.1931446897671,30.17162332636696
23.580946998187137,28.759031767256293,25.63729007083431,24.720425402670973
19.47079955541914,27.797098870911142,27.6054987192954,42.51880738472897
22.21669510271289,30.49737433952452,25.045301582290247,35.691992245302686
25.304687270510822,33.88354764805341,29.13638863460958,36.2312425428625
24.457042401957036,27.098289027266418,27.2890166741716,27.68595368195947
26.870223921985083,29.412053399340078,23.890835950276166,32.39874833744249
24.414391639512495,33.99713856093803,26.629963114129872,31.59253067020254
22.821828110088372,34.21922573237849,31.586228655214992,35.9104730550978
26.02403277803597,30.870512400491403,28.820859774501805,38.79859228072403
32.515795736420394,39.673564881018,29.5381853259115,24.828922013215152
24.047952497810417,37.92260418678248,28.251090558599525,26.626612010084468
25.41666256403613,24.375535275761045,27.636882156809534,35.22868925188953
27.54077674363804,23.2321551212497,28.031158027619103,29.459853202787762
23.2851448252922,33.18285779146143,28.49086544844757,36.07437058937385
28.81827260990615,35.461462578564635,25.806695108797967,30.13470327808995
20.262879666646214,29.100964060566376,29.52612403147711,25.756126846625016
23.776818948194144,27.991216833104684,30.243654983974963,23.203252556081857
24.066337307474342,26.718837624377226,27.606821206111338,34.42063960019615
25.453473235760825,25.327952304625178,26.95391914076683,34.5432527177371
19.085556100030253,34.5453711836474,26.516182000710394,36.85107871135609
29.05821968398329,28.474820156781696,31.518433207124858,33.639368031552294
26.242652754852504,31.207203028043917,27.095458321612888,13.21282339370407
28.368494336497385,22.696777032428045,29.30662862842908,34.517170539234556
29.83910721239161,34.00908414270244,27.62085260903469,24.712712677457198
22.778308664988828,32.351112911558594,27.51273988856414,22.661410009201592
17.516937997831608,24.621243199000187,26.470500599588554,22.05922690539252
28.439098225890493,31.03611528593486,26.059401007811967,21.59906013679064
24.140851989479838,30.018973438110354,29.4798415204931,33.39489050957825
21.60049451238382,28.199380320629086,26.014155039939862,28.344078795429798
26.72889895912153,18.388290712393818,28.925038479184156,24.40447354378718
32.390670796396776,27.358682952994506,28.181167846962992,32.115412778512024
24.673280514585002,31.209724583104485,29.505277068958474,26.47033387710022
27.853348921906957,27.8057401977715,26.78009217881889,36.90535461939357
22.037491619591595,29.113219852964164,30.16028833304019,39.25109686916854
19.93972670365134,35.987027143961896,27.717618835819327,30.911988821103435
27.741821407968974,29.689967955414854,33.183389442619124,38.88637193254234
26.638219515424804,21.612802076688112,24.77164733007032,38.87795380326204
23.602891496022778,29.26059855739788,32.85786947615381,32.42303871856472
30.118657924076185,30.39757635824572,27.747268003887722,40.66726733302401
19.706533091029286,26.698581372152375,28.44560420343772,28.891689974762414
21.30990977223394,32.93899438296403,26.7914211367817,22.22372420454214
23.371397215742387,24.15108410991581,24.862237413953224,24.228109604381995
23.930808978038186,29.449035603769687,26.94320645595925,28.661576726533887
29.39606412258585,24.104964394626407,27.26862603025509,34.67151024865083
25.147593813432287,28.817249130169856,28.365603425461483,26.22588566136859
24.421138031200698,32.83251944198112,30.242276690020702,28.620995732857523
21.18997969662734,29.353280291142017,28.38146145321423,25.752617557290495
28.25990062552459,29.11978597051322,28.41628352656528,28.735490074107755
21.590077349598285,30.11108031414126,28.768735433033612,38.71354719472047
21.17616612591948,30.31106987589012,24.490139613767504,33.787879454146506
23.79922557715848,32.77500768282708,24.674950995727816,29.11505366703917
25.4895820739655,32.79926289242006,25.006022022271402,38.10235561593361
22.83957219951908,35.6867835331394,27.253452284009292,32.128326189987895
27.121052508872815,30.67046794211751,24.25656976055192,32.66827750528123
24.15107116905775,23.35710201955993,26.62042491054179,37.71387633333776
28.158306818834756,33.431794398497374,25.26350151003797,30.286894350761436
26.51533183624922,35.39929783681836,28.975430852397363,36.58120231484966
30.37443802109241,39.84678006873929,28.875311257816502,36.22464320882793
23.673313222367533,35.8068235231073,27.39871192052807,31.272275131801145
27.53191307321678,28.03880635895767,24.200078163666113,25.019033419770572
19.63956633455895,30.748736109954336,27.52571218112765,32.06345882056354
33.67497607922768,28.91749301383897,28.657252230752206,37.686266233208414
27.381839600413766,28.373892299587357,29.62145333447803,36.09884034737744
24.11107833333184,29.546058436653478,31.506809254625942,40.551251955586565
24.22262436810145,35.14297240853226,30.236996360843367,29.547998967134188
24.258930779088193,23.64331486195468,28.329553058135858,35.89650236366118
30.520109869305024,25.989817470441913,27.429517319385248,26.968561230810273
27.69564850102365,34.87797209026652,26.51413180741744,33.007919803201816
23.670045092843953,35.81467269629581,30.711323791779854,37.527062026074915
21.283554945627152,27.36201716672953,28.333181159398215,36.53212293700521
28.58831390652375,36.60299337722087,29.261088417366903,32.51536520962044
27.515646778940873,33.90352833323101,26.819560524141284,30.659739187193548
27.1191120917518,28.928955455817633,25.518181868980385,27.02584504315363
24.748766693854297,20.258937712034935,27.199324563454546,30.87113363642099
24.101147653267724,23.327939425329177,27.394143468388748,25.448980792306347
30.055670534439216,27.367293249561428,28.383544867288276,30.284029758677892
30.33480771791343,33.039747927839315,26.52513222203205,22.968883923300517
26.920374626924865,33.05240009819166,28.049939726763927,25.406663859856707
27.90952259451973,28.13420323237252,30.355412708710038,36.26402950278387
25.70829449251213,29.074902938549695,24.65407678092573,35.70697045750994
20.89004268259929,29.87007460023246,23.766194816087303,30.555760806340153
22.060771731971062,29.125047948196723,30.491827697236914,32.32384394809816
28.43854570914832,30.654535054675176,25.072747083935425,32.99447836174588
28.82111604343357,29.879835373007353,27.239856066215093,34.30164195005591
28.162381024928855,23.303091403632124,29.216959362612975,33.766583536258466
26.0381569302611,29.16975373512292,27.881547662658456,25.316120608623763
28.273896868885803,29.90960866782039,27.85342424199285,19.78458189075523
24.82558811650231,33.95919738371004,28.144793295636596,26.91555725435444
26.864171009614903,26.67477547343886,33.03742819858893,31.228348120601446
24.385952895639647,30.815621405379616,31.56124991183443,36.80091834687175
21.829643100550353,32.25135998528641,26.612549382263232,33.17179845364491
27.593715917491807,29.406611284768715,30.10177648189374,34.67188281420024
28.82537321398343,22.98080845851502,29.01101551518359,27.515591892828137
32.42187634125015,34.04027608237445,27.960970394496595,31.64635550239496
25.792087004187984,32.98856492810641,26.18426238304518,32.32742429728606
21.85657054486531,30.91509352009873,28.902736062890934,28.22161580635551
24.014677788013557,30.161321603556576,27.387909069871164,26.65220047061339
24.592325843424458,22.874300401793477,27.24087985014168,30.86661111451981
25.445493419883736,33.0986265435603,26.465857297362255,35.306181740574296
26.4126287702153,35.945584173313506,29.999647042124852,27.47524255543428
26.088907877190003,25.545017918312503,26.464523962741236,30.95903633609631
27.33124677539577,35.38007462508632,26.476709522128473,38.77494817170804
25.592269143077743,34.52583118538142,29.555875535160613,29.40329344559435
18.32411229166967,25.427218706599845,27.711339064393812,32.0364149352521
25.681401486080347,28.423425602588416,27.76516295242808,31.47145959512156
25.260192283921565,24.41824942756132,30.065786968183343,31.06104185921931
26.6508005914628,29.739446657084446,30.62740122358387,40.342390821670044
23.91555338326743,31.793270249720628,23.744308556132957,33.5287665451703
25.670577173429166,24.718127475918912,27.74245149043151,24.149089501313213
26.66872656258665,31.543211100498795,25.179470943652007,39.642099232865455
24.519873394807938,32.55650305391398,27.22641332428535,33.37406730598744
27.027611806690842,32.61391462487494,27.986527687771794,30.13212818173516
25.210374797394532,31.818010288342514,27.29029085385157,38.747212528194126
25.4699764969453,25.08603729447637,25.949449138660597,28.106550184374694
16.231873602828998,29.51410392579982,25.84798672457041,40.57850046440302
21.568338145523427,31.409408441256215,29.4558827780645,32.4665132128378
21.57650255302105,35.84410248935639,31.069619612207717,37.02779423503089
25.648996653699008,30.009863317950078,23.879046142133,47.33751055793325
28.814995699889497,31.702165177103122,27.34476266786897,32.900457694055426
24.644754685851616,26.271892745419194,29.463928274788636,31.515840499799133
27.544894537914605,25.380423855336513,27.934792479198304,26.664851977029603
26.94475796897761,24.86771204107845,25.77262675618892,31.397147716153928
25.419680270410954,28.31892690355658,27.044421191872843,26.819141123663343
26.721930102495033,38.248204612027436,28.604300474863717,31.065157852660285
25.737831156495513,28.3916949622406,27.385615781239288,46.47342065236667
24.573158509621667,31.458505415768204,27.90404013216288,32.59798977287429
26.173241048999603,32.22839183428398,27.961679004836718,29.231562420379486
29.33989422940519,25.633883563855363,26.95143678068341,30.95140961588584
26.418246920427087,28.259572597551443,29.63313804794207,29.940643003784327
25.65391336011598,32.4976605557301,27.0450168063178,37.242009365708135
22.367648256491556,31.71330965667769,25.989064015535515,31.548877010499204
29.247625447793826,22.024021493283037,32.4592788668464,40.04444046706569
20.778854407003163,32.377641415829004,27.844411821125163,30.419503579744745
19.881810758205695,27.796038436624862,22.799758599602033,30.742103614865517
26.11438206495253,27.90073121482854,30.509489674675308,27.51607807138793
22.357719426655837,31.619462771854437,30.5030577384278,30.083090488693657
28.267297008542332,36.09174369793517,28.91435106231406,23.332148857892733
19.94888312390205,29.198261493222553,29.263270419641337,21.350949080700666
27.88541941753186,34.716200862157066,32.31948462533627,35.12336676849473
27.462945804213703,24.236308928472614,26.074396472063004,23.272796850395316
25.354047892323717,30.522973383648523,28.266480107949622,34.0298274959151
18.701285072259072,27.83577837628768,31.93940535810224,29.49751575077607
19.83009063904219,31.128027947024243,32.36313816193642,36.69764486081709
25.719805833174778,28.814770388859593,27.267815374184526,23.382977896430702
24.30162399884366,24.63575432414478,32.020301700178265,34.99125406840683
27.18199085470901,26.450362548795432,29.605261402647233,33.6579997713953
24.795351124806288,23.427195680573654,30.99042899573714,33.81258112640884
24.534458103242997,24.77239508420513,29.539641806315572,37.6194943344567
17.7210472796238,31.92129749950019,28.610892487720747,32.35143533544567
27.467296935317854,28.99585148057111,32.418774251805836,19.760805583003922
23.052561445723278,30.92345764051235,26.942780071524513,34.24554045345194
23.80538222884233,37.26230992638029,31.80456628070794,33.59836306288026
21.79066287067255,28.816112827150956,32.121377867455834,30.776874584793624
20.378766808148956,32.537135732728956,30.726096642553504,27.79113546160562
29.416413484495358,30.112542048805018,27.856542036378,30.19540338503358
27.386463084864666,41.05073813092601,28.488870695958035,39.29029888324552
27.435986726062396,17.92941242901045,25.450388769454246,27.400460777130498
24.350468145701896,27.129350896111514,27.09484006011362,23.297942629719742
19.786232662102616,32.61609589692593,29.241423506210356,24.658686565189765
31.306134267513418,26.988378418288242,25.14657538846674,31.8235204140566
26.266874893790188,32.26428622923992,27.40417734400386,40.3542526472183
25.410367600230988,29.759683228413245,31.88965728313621,43.02425361039076
23.922600933108768,33.45979535204655,27.691271854452232,35.25115754724773
18.866331241187154,25.471508678289364,30.067256670975034,27.09377025699665
28.424676196830166,30.69136924246542,29.133004910110436,27.62454122312489
21.826889479293232,31.864072920053538,27.384621126986197,36.37918664382852
26.63970748858677,30.527156632845347,27.689902682296736,38.6581771498392
27.312501883370693,30.597649939683553,28.33373049488331,28.790015027733325
26.002472865619467,34.80972362311824,23.897955022947805,39.12225247453637
26.409920620995653,23.28037701398042,29.89394960175101,30.852199134981397
29.038359255694893,30.499868763166738,27.76323984989174,35.57141988050687
22.622753764501084,25.163407468482884,29.963834326537782,37.7273349327967
25.493507770130517,33.03044374770524,28.776401227103914,24.591160755132087
24.32468378596049,26.648265670521138,27.67488076504986,34.257193832667376
19.48130485653369,20.11021736762261,28.395097256100296,39.143212720072775
25.858999989601028,33.1258696569898,28.40182187465683,29.196674898196694
28.753751789574057,28.926514824164126,30.952380199459608,26.71709282211383
29.129002476031584,31.42651846440641,28.125308985557314,34.47392717665049
30.57243162788719,35.708035610796244,28.576331015284172,32.6672163952199
19.67884262623227,31.48560434372894,25.476220434546452,30.3634798436281
29.885883093643724,30.677712335635796,27.905913103403037,31.98893645020122
25.55451929308114,29.810918483082276,30.90862020359298,23.648529971220746
29.80168752210988,25.410774065003952,28.857642012024296,34.02237661425271
23.81565277241372,29.139008567618433,25.83797586047488,39.96298927670177
23.407598563615345,37.89559431377033,26.05234332818359,28.426621051079643
21.354182271319317,28.499123079464407,26.517009145178665,27.85791534774845
27.327932699218483,29.37594536230698,29.999262087186967,32.86280871995442
26.54342821159525,35.02833956842138,29.753081024584606,46.22938725144502
21.648971313309023,23.83484535639217,21.091490294318003,37.499416367767346
18.507589698961,32.48049620382775,27.837228611431758,31.529126076353506
26.24573570297018,23.6444803207798,28.295276200773834,32.197994090260686
26.5875111008342,31.59675486752584,26.07571294228137,37.994234378083746
22.039145464822703,29.910362206407193,27.21905000611222,27.4531237623546
21.436514759887114,32.449600643192056,30.661997098259395,35.05871303332202
26.967604537438746,25.950102519382437,28.817686423629006,26.412724955529054
30.56918109497466,27.85986766123372,27.00083471937632,36.62457334609272
23.515029403275804,32.656211813222335,27.62538327678392,30.530228038928918
22.361083201831192,27.960669933992797,27.544253742008873,33.00347062621462
25.896575391251737,33.02206104211401,28.563910396371,30.205619575659334
26.905759194544213,30.836679242755007,25.140538687527986,35.493433546766575
23.907129712322767,28.216992968279357,26.660489400420104,31.12659041705252
31.07527325047586,28.738583287877297,30.070792899609486,42.789858430141294
27.705055366425036,30.014019326674475,27.85486702608162,39.09433794901106
23.856187881905,29.119271543834394,26.30018349447975,25.47855668848628
20.222551083165385,32.9209990149318,26.382679916684573,32.957280680749676
28.958265363444617,28.514882681903664,29.44168720426137,35.67577615994625
28.575793708645218,27.707876295151117,26.964389469339768,29.709203357033932
24.091741390114702,33.641006726131444,29.021806758173167,38.06238351981005
26.051726372837635,28.311483343708836,26.746331358217045,37.47325407955137
24.548590307552473,27.838513518939962,25.74007021466669,31.582187234035686
26.561796643326904,20.05734479371572,28.488895916994906,36.906079420366915
21.925151406604954,25.841986525584282,27.805237988173065,19.946686525459295
21.49744263976946,26.645490085347156,29.370248676830613,38.78794104638421
27.43259119828157,27.8394776299681,29.7682486420628,36.432544010377626
27.812844530528793,27.11144313348455,27.284066222493205,26.56161152634371
23.52762392313518,33.93220059471581,28.69786765470223,33.259401800464275
22.752636772116926,26.89940942219567,27.222380429081255,21.868582443163803
28.442699356434094,27.197494519045694,29.267293928142777,28.18288183571885
22.85421244205446,30.62261678839893,28.466830922214616,37.47819669041206
25.166233767957298,25.593272480285275,26.752326965274452,31.935819207974244
24.78575506488204,36.255968619387104,26.58484421796297,31.658985137382242
20.599282163944242,33.20862716465125,28.537335850207672,32.22613095323279
25.576342801236006,25.327652191568607,30.324382105305165,31.642851768812474
25.28322086021248,34.05466834346735,29.80259242241205,36.93744858484364
26.08057383430482,34.88683255807982,26.11398119204019,28.905051927760685
25.47469260895986,25.431541052325546,26.32431340795489,34.09673036830672
31.407062228240118,25.339333536964702,26.619044576867157,26.276911675617026
28.48503469396969,27.558347416407464,26.806874140830693,35.705496141333555
25.116427001364404,24.339179521020366,24.36667979296179,30.39314449073904
25.390717251548615,26.878845862308907,29.58008640825944,31.79506233577693
30.29085762325237,28.399501661125026,27.088234529255963,30.189145305707736
27.589263358015742,32.01660944550592,28.924148511795032,30.82173299742399
21.31299141851666,30.324902012601,27.36848398356581,26.976368861772727
27.84684466842129,29.40791397386122,27.9540681993711,33.64625031079667
28.72840324617983,28.06730682030035,26.629628243178985,34.77332048684413
29.853151227327352,24.768177000146494,27.94348449340352,25.346799230769896
23.795524955177534,32.36687090712795,26.25750837637098,29.018000470100965
23.5766485135931,32.27749662729485,27.958320894457525,32.15006921308312
22.17455493565801,27.53260563603314,30.914446150131912,29.006759309003318
25.9243823930084,25.59537943550231,29.041209436322006,30.885891929066375
27.198602747367097,36.22441775010833,28.582103802052725,40.080508702450075
23.460012439967485,30.986921804347727,25.360518363932012,26.909186072704543
24.574554106992515,31.58787316530017,29.134512804116,20.439064985308516
18.838846613142806,31.760591442799033,29.328906768719506,29.006300938468428
29.52834715120795,25.190065205674827,28.536531419064403,30.35920157510154
20.30507088549971,35.99710633606747,28.428564983476264,29.55005025559359
26.124339256578413,28.386008268223076,27.719637612778286,33.34405598591021
25.71476450011704,33.28816801571577,29.298805031644925,26.859591200784145
25.13742390559479,35.83373081370711,30.794021109973045,26.123599417018724
25.20639063501907,30.3255041280728,28.66105634581083,28.62756412809614
21.964656472831496,25.274086365059535,26.056565641446145,28.730756317604204
24.015804387416516,20.026117946057056,26.20956571169489,42.6042047397456
27.906851956756512,29.846336762792248,29.45247974654193,39.76223773964156
28.795466501309907,31.000577790930215,26.07281718995856,23.652365253526153
23.737297184275178,27.676899465257524,28.40210997462114,22.35095543554467
20.31874140856926,30.542741813827668,27.308914517165018,31.571235261897666
22.66397844610886,31.72137935268423,25.855528093289387,41.557975060021796
30.558091284558646,33.97571116317854,29.664539177148416,35.33044870913243
22.842566530038322,29.085738435495163,29.413540774123792,31.835571503986028
24.708388989220662,29.818633306159747,25.288701393463963,29.719628636441847
29.247737086059473,29.285598682265782,28.962886924623657,37.38581238220402
23.41931198398867,30.134378533307398,28.670519989898743,32.88994689801652
24.50339383105697,27.947262476304545,29.674914404717025,40.65879191590176
27.383494872268933,27.928138462022062,28.333563877311285,23.561475687870924
30.135420602588514,28.179908642910792,30.8536722835113,34.11822894266594
23.063344405915064,30.625064966477986,27.74667823693845,29.183511662270586
29.17628573236355,26.610743888595454,27.455811205031665,34.071376087568005
24.155413870407035,28.19602426749436,26.05041824480432,33.25428125798199
22.342213883605186,37.23435986848563,26.132116185163984,34.54833104500012
25.74866929092267,33.58559736201753,25.951030001969123,36.88791073388094
21.52729582669421,26.171675690933533,28.436799290821543,38.948962898809135
26.416034294388645,33.458691722374276,27.461801362647066,41.75861585201808
34.44894403340363,32.50956829633474,28.66138645331371,32.078971505286866
28.31680244576108,29.584321954084643,25.581502491076794,29.28825013194843
24.685301086629632,27.168108211974392,26.288615599652545,25.870891156591384
28.1566057230233,26.71394355005905,26.254913246448982,34.17443170181792
22.205434814148205,30.895360691132947,32.338541470251364,36.174586737133765
22.70897609199349,26.61506535121397,27.668637342177263,25.25776125484446
24.768505674366207,34.3888853186873,27.867267356457894,37.7233249212437
25.26334359954951,35.523226353820036,27.845093985467454,31.49324844808094
21.120091542370698,29.82878200972763,31.105658640397685,25.720916078788367
24.080567523668705,34.55512324768851,24.773321196501072,27.75856402752676
24.566233849041836,28.353804206789007,27.880200951371474,27.28378618678111
29.6259170435159,27.142592866863524,24.75457189930831,27.372723759504712
21.119963450995506,34.401100720580956,23.240371435139277,34.84950698221321
20.841854378243283,36.31946782242203,26.531520104616714,36.31913864344275
25.5271268278137,37.85263194796887,28.824327693007007,40.49572790761601
28.452629808182177,31.33062028590843,26.40443854785162,28.508888838307517
26.654779042121547,33.4484415807585,28.791530303050248,33.71478133727653
25.908030680268922,31.24246891386459,28.212952609009655,28.764870998506716
24.134175909995406,35.61351462679436,27.721868803061582,32.10061951497854
27.028314787884497,31.733136533757037,30.529927119543316,24.598098063371708
27.480667659450127,33.22033515464813,26.807926900304935,26.3840142983011
24.22806740144597,25.458326179188536,28.761310842720555,36.01530244329389
22.154126469440712,29.07534889852931,24.393826476509755,24.582670239471252
22.173633713941573,33.25454459456894,28.197558875102118,35.074154838388445
27.636202834142995,32.89589097627747,27.48556792631061,28.619254739741415
20.367180036707335,33.59561283947644,25.635507196023198,22.372318076467266
30.031177525891337,30.482618588763547,28.796997557456812,19.307153302842654
23.63162291951619,27.391911987458883,26.52209795219625,39.31730673276672
25.928595790912716,29.764213865924184,31.46436915435513,22.47291765992062
27.10513017393128,30.188137456034013,23.132366989310146,31.678136919929702
22.948942854912744,30.9669632341303,28.49651708352337,33.76975397188491
23.620306472034265,26.128538292459652,28.085394548916888,25.43398885476765
25.395910005836726,28.93653365725081,27.43827248885007,29.23237315823222
22.438837542353177,29.645329562023484,26.941528598953976,34.394119550039065
21.797074710002274,21.031113365023884,28.13725639986551,33.46658092410237
22.066653265960763,33.33001912549507,30.124382615254383,29.697122167628727
28.627438858270637,30.656063826562445,24.655628981847734,33.18452314837661
26.193774540146,31.061275481792876,26.38802620637963,31.488826679072112
22.620498823370955,27.938014755886876,25.89936573135572,27.14791710218736
27.618278368702292,32.34500150212101,25.805415460554613,38.00245228386866
22.786734259501355,26.672296704266248,28.68549801087085,33.037102924807165
19.14876339502778,27.30074302307545,29.1786745694677,22.789844113804655
27.09042697348106,32.513320182967185,30.130205737464074,34.60837324585873
29.938692855429718,31.4286469445762,29.210195665259167,28.922420750031826
26.67411901455705,24.889598939326824,29.372283848483534,30.552819046759538
19.33798914569475,36.30948348035214,25.176383558517355,32.0409741709837
24.929333799337737,26.966009385707412,30.967126483251917,28.03526248506952
24.176266000741112,29.469625781514644,27.58048493849098,41.01518931447176
26.13463648793168,36.98714954640781,30.065992158192778,24.5334113736579
22.45819216939362,21.760873723159644,25.24766596716413,32.28343738649219
23.999568249719385,23.174956720121443,27.517160328963552,33.90675790577458
20.739751050931865,31.76773474835407,29.886031817135475,32.20606387514001
25.665312347324157,20.085853136584724,28.05584888535895,31.045070957610143
20.851312242182388,21.826025990059513,26.49206022941918,30.114933585066048
26.312273457168804,34.700631305176564,30.61962667038425,27.98410027101015
22.748358432990855,28.36450652638364,25.65717121581202,27.8954342091358
15.575756376110363,38.78435823718726,27.959146515505978,37.792717256338904
27.3812744292974,25.860920887785735,29.28034142176529,29.791266382515378
26.4821200576372,28.72607280451808,32.19138065992073,42.660928334031894
29.058826143312096,32.16252290471434,27.083288814508588,35.34470159397884
18.729644478490286,31.886113936700955,27.447097492680328,18.661851426967875
23.03635138049085,28.98040153804462,27.11061773329905,36.41629508113783
25.3947788816856,27.40615995623033,28.476940317829094,31.73420097138709
26.71511767910895,30.925449297365162,29.17585653599573,25.05024126308088
20.611348186781704,35.507543544703395,30.186626757336636,38.52127599912981
26.294379873181647,33.05123475829318,29.512095551961618,29.82041533273236
23.284669274171836,27.47012633475946,27.005251700699425,29.395338198591084
19.43476400953978,26.032909415682642,29.626742045258847,33.87595008471147
22.747957038845033,27.228844049160166,28.183091288089457,37.714151697781176
26.54313140984157,24.905028458536737,29.49050445763641,32.56707599099079
19.560105782901097,30.589637929308978,29.604734865791762,32.20909673947669
26.911155518826277,33.25514471493713,31.260251492019655,28.515669927733732
25.850134007205288,29.714640005998387,27.290818734994037,37.6287842451605
24.238422768564785,36.87906717171806,26.908894794526226,32.6152539327939
20.09440747004725,37.10165830061876,28.89432682617144,30.872784362915
20.33515352969755,31.230941075313684,30.365033835340626,30.252465615206148
23.804555064602937,32.807750961906734,28.11612766004887,37.13412797793528
21.62517993434505,26.39816808812221,30.49542458371964,30.68838201850436
23.99872418352809,28.55677402464329,29.380116679617334,37.14698809067661
27.7185464720449,35.0890815110662,27.597569044215817,29.642126483217318
24.180936347752215,27.68290953084623,29.12667100611781,35.611527418913695
24.098665186806507,35.94951922806581,27.130346417464526,33.035480901711814
24.10104167300556,34.45025640829933,28.4772001465322,27.24622505708022
28.040205792895122,33.00649584418543,25.85368171033753,31.565119511866378
28.880109662457013,25.30922044136144,27.863686739131126,21.046985417994314
26.26580113652053,28.752054063718713,29.999378307890712,28.279800794840742
25.409774552195177,32.57683535537651,29.534293802871485,24.110967973701765
25.688687844567884,26.05700770199188,29.241683496066678,41.98750046589837
29.283855706759258,29.23969101113361,28.57495935002964,24.169846919916935
26.42875828026166,33.00852379651055,28.319692099425588,44.92895313608989
29.567316729269635,27.727311088310817,25.465885795869866,34.57139766334241
23.74274544403877,26.614182034925406,27.58782925392279,29.405664160234895
20.993292940895664,22.796902164847282,28.36523156733079,36.03180050310413
22.992821548102846,28.453463209142765,25.751193008519454,28.777426404202252
23.311609207743906,33.09272605124055,24.496488166420235,24.95225559796196
29.81358378320888,26.50838529869401,30.257665493886893,32.39535134104414
27.20924123360804,30.071488425870825,28.101677053219678,35.500363481631204
23.08763042704716,29.10316291282373,28.419958561515564,38.39205447630944
27.425233530798092,27.33350577612781,29.111253645589745,34.48865054779496
24.611256666724053,33.35082239750355,26.035666099030138,29.353272381653344
29.903655076230898,36.569089124663584,27.193008411874743,38.93138041040412
23.998896265932864,34.01735177456681,31.008135209040397,37.8148791311802
20.383332228764235,27.216254390197143,27.022689206776533,33.345087638857706
24.43974680049795,37.96946265538378,27.468289409106283,38.05388873411747
24.000537003768112,34.005611640920264,26.66102366999564,42.92405155492404
20.970320056155046,28.17057172414284,26.51829154703868,29.282080299531334
26.75773527183492,26.898694471552346,30.210962704684228,27.501611588584982
29.274156490951142,34.4841570553797,23.046636887939954,29.136554047860177
21.632547028831404,30.695076807829093,27.085972360295603,25.251749850170782
27.918131178766522,26.596940605249088,28.450820285259987,34.95607392308346
23.180107518033587,29.40756408211247,31.393582197480576,23.950483993281566
24.92584433013018,28.371212728474553,25.729549288223115,38.325071170358484
24.610683326804622,26.703763525247847,25.388657305927516,28.63909181913256
24.925867404793227,34.058345013045866,26.27979935734387,38.793538994220796
26.419248015985172,33.126896753257256,29.403410793579102,19.21480850839776
21.927452078656795,33.35416591023704,28.25057092655738,30.074061861480846
28.879900327318687,33.29868157327805,25.11472865797364,25.53494792121873
26.51062827015029,26.33586502116961,28.199115195199933,38.76677461294101
27.50674832901918,27.58525091281201,31.10287553177858,40.39512399251914
22.659802141224656,35.83463009175065,28.528960802146273,20.279605513253117
21.655678416888257,30.432048489755992,28.329115781257293,36.32930779166894
28.54814029562321,24.118117225182786,28.44948423916435,37.34343676829454
21.526752262408603,30.867777310382987,28.829005441125734,33.62842262605413
25.447915723676324,32.619165046672535,25.465796877196322,34.94081654706011
28.056987495063822,32.09616574948083,27.536151995772755,34.58027507387782
24.61959409268542,26.248521587353444,27.640487733847184,36.3475424100006
28.510231189088895,37.546886237030215,27.033061960045,26.5376647976183
24.185325088618495,23.99762165156499,29.37224321754774,38.002471722200085
21.167746003656905,30.443585720653648,26.73201307348697,33.04673167947715
26.122517623326452,36.94621141106433,27.28006315715175,32.746669198849006
25.59488810114336,32.36662833574178,25.479654638691613,34.83312474620535
33.06392873142223,33.34487827620542,28.756621119281718,25.6461560558523
22.16467340166094,25.787343403319458,29.88380592352204,24.232789076252967
24.244458684011946,31.38818583038748,27.277958964795427,31.39483918848562
22.807403139448837,29.85358934922021,29.614780821307807,39.717694656903994
24.57254625528461,25.47982332334254,27.706086449125607,26.07308685649757
24.451592702780896,33.46028595789985,22.94510125988465,32.87577220333237
22.383100533818475,26.722053045397324,27.896969330591055,28.41658046031961
26.404712829090663,27.196301471325892,27.648857581631912,27.74510785373523
24.357568383731607,31.730317288339393,28.20599119952336,34.50374182988421
29.03644890365176,29.42701821741994,28.506370870281184,35.79687749694726
23.054328630134044,30.677152094624052,26.63215694930105,28.062242655183894
30.584119213954665,29.182001364920655,30.94262995551989,38.93625127983391
25.827622019125446,35.652243374016166,27.867676892388836,34.11251813246269
28.814000318755298,26.299877411045536,27.600672651627168,30.791610177433647
25.346360396868604,28.140764879175947,29.489059216602804,33.73759017952634
22.65803680043208,31.924686230316908,28.037079890578067,42.18173757328108
24.209437239522604,26.048328665435925,33.1316833184888,35.76765375550341
20.839695367486943,25.871106470416496,27.58018441778408,28.50651532370596
24.66539915141948,30.55097557601255,28.703630901827793,31.90646252361489
25.51627862839549,33.46941351567551,26.50169469026588,32.65634435585753
25.137168387056334,33.99151126317702,29.741071086076506,35.32678393822477
28.990471675410593,30.36695950394913,28.617436788387682,33.197738604346156
24.552598506811275,27.311469366010694,27.322063898353328,41.47661954476085
19.31801922147335,31.102652790537032,26.255123802796646,30.86656785649415
35.632195032879345,32.26455323484948,25.38115540079735,23.350471512866037
22.92817437555003,31.047442637161094,28.83742911775159,33.07264284748626
27.906235326373736,34.9366794351655,25.226241058945945,29.794374004019463
20.48725998686554,25.94335493898013,30.616948338400327,24.479845049255776
25.735636520405063,27.21209592942575,25.47430950046327,28.48238009166443
22.6163625757859,34.381396777594894,27.643250160783456,30.208060159113398
16.53209512526642,24.107920677938946,26.236917455852335,37.699021081252425
24.151570014872362,27.842457091674,28.065372468877154,24.583758410510626
24.849803925308507,27.073838821094554,28.05301435875061,33.74892633787642
24.3433422290315,23.743180394612125,28.88960599603915,43.10240310760595
25.72934004485115,29.251404781436346,24.94744201233002,31.12569182161659
24.191475739822447,32.985175439553814,26.472594681642086,30.97879755167414
25.20744944840964,30.62531166208441,29.941094902304396,35.598882597388496
25.510336004962888,33.19841514120831,29.31710320400802,34.61090797956803
24.894465733688698,34.76782387057189,23.001034943447294,39.0878111195201
24.487672503393767,28.457472956217924,28.75445917318969,31.164444360506614
22.31903946911318,40.58738409195492,25.935070048063796,35.51096455824815
26.783336812012344,28.618338303744668,26.816354246589427,35.590503944370106
24.15100795810042,29.149875896625236,27.545344825371327,30.322220534243485
23.908522823356304,27.16951785252489,31.11478031529933,31.430099050089858
26.53688293151278,32.1815579236987,25.914605181633426,31.94400414270115
25.63587408100469,28.8379863240921,25.192213297199693,25.81150092679792
22.905339036335263,29.684431112340015,28.900637653561446,30.056608032731802
28.751975928814815,29.17914797509615,27.943964755332,39.48082263383439
21.43232804526286,29.088381811092503,30.414006477505097,37.188583078355585
21.905576368267766,30.633144117594302,27.294332188297286,29.100320421422545
27.005061903530375,28.199105787853476,30.421634518383996,31.921289257336834
30.253406792243332,28.38681767233163,28.032537195436557,36.856949447137715
23.267793423311684,34.291405962483964,29.05823021712744,34.2170284377111
26.23846411819944,28.825910144474353,31.247886974032536,35.99955476245402
21.422909325194933,31.534209614828498,27.665504190521656,34.670640593973374
22.213044051732084,26.442033038046212,30.089332471350815,33.07705701365062
28.396594575162045,28.22123989138851,26.772802856523985,31.170536585768083
26.09728909227141,25.069757750037276,28.455077907792482,26.024457198698972
28.48968926542233,37.41773373344731,25.110681656633417,35.46117442734129
28.258926263309057,35.50183871067221,26.991360062041537,30.89123990996295
18.731350920647877,32.38183597311475,25.883929482283712,23.76056553071578
21.412136979833235,38.60441088115932,30.441505206509476,29.27170503394284
25.82342740473343,33.0811442055325,31.477596721901737,36.26144844726406
19.908730057178317,29.312097025404714,27.290596111336118,22.419178093670272
21.837084872187763,31.490078668366685,26.453923635197818,26.85237742402103
29.28090221323123,35.44314542191657,25.37211100658006,32.685667006596084
23.375302370167343,26.47873529996813,28.529082752204133,39.02859321697133
27.130895735863106,25.308728850933754,26.795427290663177,36.9998803446691
24.915495189542984,31.62431666651975,26.902567317303465,39.508173093149864
22.96019123711615,27.65260106580505,31.25917723486387,33.03890924363108
20.0073721818984,20.960394530166095,27.407202696907635,30.95409782766483
25.69990631969313,25.028266612357726,29.17329914067734,36.216533372164776
29.363816617206588,28.75430260258582,28.105922179829225,27.50316360081372
23.045417560702735,30.19275501899161,25.289589185319134,27.113083748826817
25.20579506268658,30.311876397533194,24.31023925432379,26.224551124159905
20.440633589944024,38.02078536094178,28.975044117391356,37.444423104825304
22.98347442624986,29.169498973195626,31.408221041733608,27.827097112614204
26.022644978384683,31.11250195814442,28.629975070841002,37.00301704258134
27.231147461199438,23.496431890502016,29.24818036636827,32.74225141825527
26.66784624987456,29.875457846738897,26.19058738882904,37.50869824772297
18.905346067758288,31.336795772687065,30.029788684126018,26.473089093174693
23.629195482595772,24.49896207607524,30.00500890976408,28.872421716589955
22.09815666911613,26.264032161452175,26.607603055391642,34.26994532189772
24.072915172548868,31.95667453534748,29.090817547666255,29.845200466499232
24.666425693537963,27.814694942752354,24.467164298654065,19.533249757586578
28.19905567358571,29.5898329139601,29.447823933517974,25.13870273795103
25.885711110080578,32.16311007583592,26.855164828439907,26.433716529895033
29.253495918661255,38.14748868718326,25.54574172617996,26.804269348197902
22.90146905671846,29.112859195686433,28.80527991398401,35.408915909173146
20.748770326234535,37.07679231550977,24.45654006976871,33.68524345422372
29.365727922461392,22.164905354817627,28.684827161536646,32.8111230668908
26.300365713701893,30.593451434727942,25.735441740910208,42.043345041195835
22.77018469792331,28.663643171619075,25.30744775353628,37.876122277839166
26.31346863553086,27.87016406372641,28.11970592275937,36.00909645100526
27.505778701598295,32.63227030222741,27.654897484970263,24.523669699992876
25.357572439022775,29.14151733845912,30.913578902181015,32.297699681154974
22.812890715920386,21.90018666042713,25.43039749975476,33.49348331160633
23.676211585432974,23.64652300699767,30.75010898232942,29.923863853695895
25.871864493549406,32.88810783342578,25.724710791461447,40.531898903912044
25.59666386606706,23.451088372303747,29.83888483285008,32.25601955286982
28.636780173356243,32.99528472472311,30.212185045706747,25.85825617381048
24.17226936279391,30.499093951644625,28.64291757178185,27.013113146254568
22.108718204873448,29.318861872696797,26.418092238923172,43.41171169113282
32.731162988710096,29.67410330720691,24.954091056087105,29.899385113640534
25.523464598463207,32.059032080720336,24.09644703280964,21.607355283996895
27.50278827366861,25.290056105574237,31.70458190814177,29.003277597167497
