normal_dist,uniform_dist,exponential_dist,bimodal_dist
1.3993554365860021,-0.5573610652462344,0.3601373759277892,-1.4658103331529917
0.9246336829127688,-2.6039409351585503,0.8287569932812717,-1.697939555205741
0.05963036992017413,-0.9070767961831239,1.6286456581731286,-0.8481806239476055
-0.6469367777055739,-2.334011407252111,0.14751266313471897,-2.7397221115698622
0.6982233136135899,1.8494112600553327,0.8691664415363629,-1.3703833801066005
0.3934853854217496,2.6861281557868244,0.704225843728193,-1.4267795647996362
0.8951932200277323,-2.5661011484523684,0.1555769468113575,-2.4866894190135174
0.6351718016819695,2.7306912437502087,0.9781621077519033,-1.4964333317634202
1.0495527153193351,0.1354595960204712,0.31971009457124444,-1.8319275184868855
-0.535235211560568,-1.2026059322767566,0.669107109694989,-2.1137381299767037
1.3173940656343257,-2.538827548343019,0.08585458191010802,-2.4119677434859996
0.19759960469239965,0.0037456084225069297,0.6154161715059916,-2.359554725724593
2.0752608726252655,1.7670932669444923,0.3659513629547137,-0.975093952107037
-0.6891878180895679,1.2425188636001891,1.728115661144482,-1.9996585905212587
1.7359638031652493,-2.698643931216157,0.05866643774561698,-1.6089349992342705
0.1979107834626478,-2.562588987792579,0.5423288036950722,-2.3954496908337766
-0.6514180036144483,-0.5827603042041773,0.6132855799895035,-2.3899264731108194
-0.48388583405432156,-1.2282570357123404,1.2910062771928368,-1.459007595375029
-0.32034730819432017,-1.605694061663713,0.8539912195648273,-2.6747881057757663
0.4241659464019164,-1.3139730065477184,1.100250641618203,-2.2076068839526357
0.5228354880354996,1.8208964597813075,1.5008045438400286,-1.982986294463884
-0.573700003938579,2.5753683217911236,1.981973500157835,-1.9443136990799739
-0.02435459226098284,-0.5693838328346015,0.3766961760656641,-2.089546642508078
2.1422703586118637,2.4366660127949826,0.7722395349174068,-1.8020901094520385
1.7275431701007113,-1.0710257925127082,1.8332571822396362,-1.6535721220910942
0.4363236696740321,-0.14137808193725032,4.551736625285726,-1.632681227270335
0.03800347816820029,-1.6438260131040017,2.2029145338737806,-2.4929019043339133
0.1200313267182613,0.8428562530550638,0.4643671642007787,-2.1420775489643984
0.6135179727304166,2.8738866910488534,0.217119876648513,-1.4026185690615312
-1.0227925651984056,0.6209585762602718,0.6721541589399757,-1.5526764062130638
-0.2573765374233451,-0.8531154953187068,1.35340693726407,-2.686429725740532
-1.6685840738775894,0.8869046759431702,0.6783946773351387,-1.8242600498238992
0.39922312260527926,-2.2624759292076746,0.6600622980074906,-2.9891126246874054
0.647195939702741,2.3319544815923923,1.821582308609865,-1.9765325489698151
-0.483186462299374,0.018503704679018185,0.4484829164564948,-1.0511164916270115
1.5739867632900328,-0.3039015477621474,1.9646473223044423,-2.473946358634493
-1.2257656630023412,0.5151887307211149,0.5222317620615013,-2.417161522745791
-1.4643748802098202,0.7487031767364147,0.39784388208687815,-1.6179851092135702
0.22445181855997204,-2.569345162640922,0.6051178257517129,-2.771400757604823
1.0470983026121545,1.0957033273404146,1.4373643485470058,-2.3163775149425194
1.6839276914578687,-1.5484099181068225,0.13467722353981307,-1.7017794312091237
-0.45888426286894,1.283715795039539,0.21867755856222415,-2.3171429238447017
1.0786808334312956,1.9352087663051805,3.0250545124385475,-2.1179849936054858
-0.03850846950070721,1.823751045315122,0.1929679822509712,-1.6279071448424827
-0.17262729994081963,0.3150058044473347,0.8386986813733884,-1.7892269582317193
0.8836599374866724,0.12101935386450702,0.865869676098229,-1.866590801852299
0.6523228784134196,-2.1427442319635297,0.672608475314532,-2.1695611396350194
-1.5763921569842494,1.6520769024188136,1.0349201372226418,-1.8149694423655223
1.4765403497258958,-1.3715437173197138,0.2611397580185179,-2.0618663400498782
1.3800913541474515,-0.019827463092320752,0.8044414165829487,-1.7710971950371077
-0.6255627015095294,-1.2943554424348998,0.46549103472808173,-2.248466012558989
0.39580353343740904,-2.1970298220018414,1.083725428774483,-2.0912844871897707
0.4940301862827388,0.7773461813504197,0.1522466276210457,-2.494978896276007
0.2606737658239071,-2.674007791062577,0.8460126592375629,-2.017503805003118
-0.5503051538454201,1.4918714047572,0.20489894517069904,-2.4055004318144224
-0.6716233679380516,-1.0944792284333,0.3266212061051413,-2.5570232250809966
-0.025554070991445278,-2.9991918419730883,0.24680862366950557,-1.870669426072306
1.1727290192593647,0.06677483542337903,0.2019176479796174,-1.8936301120711698
0.5436001545944323,-2.7188885488343812,1.747040160103516,-1.6085631325257137
-0.37061433208610595,-1.3429826530746032,0.3364628313906887,-2.2155627847875494
0.7716987106483447,1.2418589247342968,2.6189929190405374,-1.795973576581622
-2.8485426206300755,-2.6238622702688046,3.504111736452182,-1.7246012138631683
1.1487657003721035,2.036030954136014,0.8469057004785138,-1.7776130960842027
-1.7397137787780996,-2.9770804640485014,0.15431867038022862,-2.412826841401071
-0.36244094140313216,-1.5190567847885865,0.4692810797548315,-1.9253182588644056
-1.1196698946261439,1.4454243369124287,1.5981630302172873,-1.8179298519726692
-1.2946814757209058,-1.1023791016241593,0.4579023123486684,-1.9964107665460291
1.1608267873785194,-2.3886456716039186,0.09103825760420156,-3.043238829185542
-0.46770120131189136,-0.8385964871974325,0.8137000983889578,-1.91975518801326
0.3465038817307158,-1.3776402816928468,1.8651101532481331,-0.8937344803013789
-0.04692057887918407,2.05627141296333,1.58927450289189,-2.1800196343784912
0.47704082722312147,-1.1199124944891412,0.192521164552017,-2.3640385489276605
0.07682189106025536,1.7335948306560436,1.1170755334398084,-1.813325720144301
-1.2829922241885696,2.3512328688644084,0.24910805994845783,-1.8438108947667142
0.99626681944714,-0.3970954825408226,0.24616596311174432,-1.4036324172917927
-0.4937565831613125,2.459658863126352,2.0720431637373578,-2.628934077954444
-1.556581898659751,-0.7360916762208429,0.28724077349213206,-1.6343098737125037
-0.4281151609659125,2.7844704989406495,0.3055030557664905,-1.7047889693742682
1.5007597906343109,-2.4642628528465624,0.0006536043140703691,-2.071073268470273
0.8502217421134929,1.1221155990194562,2.0453805332887223,-1.830656341039155
-0.3486521344078592,-0.03711575725842797,1.5730809748645833,-1.4852712592008213
-0.3492577043184288,-0.6741071672661176,0.9870591119225869,-1.5638423099857748
-0.3216350512173826,0.7962712724916052,1.3873579823197975,-2.571509656036864
2.076747983560841,1.2231425498059867,0.16493191773662982,-1.5899209066222577
0.38193545223155334,-2.9738203820981455,0.6130864938250955,-2.0323443025162593
0.43004164719106963,-1.9982814675168077,0.4326606584843427,-1.9635629509922423
1.0302834540318422,1.278276303805912,0.09846934359420757,-1.9634015044991528
0.23878915902651351,0.998312481469239,0.6657859080413011,-2.07512149439913
-0.2590421458207031,2.7962850307720633,2.535017279705927,-1.4041462514464675
-0.19634984908497827,1.566226741504698,0.040883578760998976,-2.041858979924606
-0.07160125941406395,2.704636246388028,0.34455005340385897,-2.5597730641915843
-0.03722223650984159,1.2152430092088418,0.23261442908307975,-2.1967649279848644
0.7276295436369798,-1.211686748163341,0.27200120069694395,-1.9106526415947622
0.05194588580729943,-2.367810466494861,2.3907012823846583,-1.3853926078514749
0.7326400772155792,1.6909431800696133,0.6312415992576712,-1.6984526575255832
-0.08071658010858232,0.8648953288554955,0.6279202956612405,-2.425267639373522
0.07863519031609059,-2.7108839256402226,1.4295177469038651,-0.7574050416605542
-1.9982006845321076,-0.8396972045941302,0.16781789011229847,-1.8676123445110102
0.9163276747024814,2.740798892905717,0.6679968270904791,-1.3623046310004927
0.3464884758979927,0.002406874261207115,0.5620929783514891,-2.0758572167886147
0.9980101098596522,-0.40362518388177193,0.9085971300409066,-1.7333203776472752
-2.8962553781936893,-0.25380236904423636,7.72352952206246,-1.5802657477407975
2.0883747047807275,-1.7467036559690177,1.4672827234727734,-1.390902644122872
-0.13958962815517376,-0.787756974811229,0.5072747738643459,-1.4713158473108874
1.1081828167375165,-0.78112046407694,1.7576656392285077,-1.563901499963511
-1.0399059271255309,-2.685869878875166,0.18718339236116804,-2.1575433655970544
0.6127739050625697,1.6054057711075096,0.030937348898737213,-2.2858730209780305
-1.0534155631736561,-0.5009734085767263,0.22871953383094623,-1.8336962448379013
-0.6237689606958051,1.93307932089854,0.41613920833230833,-1.5334359638294655
1.9140313538667861,2.102088006719372,0.7145358101105604,-2.1113603503883036
-0.19068240076334658,-1.7280356718080516,0.9548474309407133,-1.4674140171428067
0.21743287317972287,0.9441208930207714,2.414698549791932,-1.2736916272569103
0.8700677306887542,-0.16630917502210973,0.7130519925597377,-2.45816045953671
0.49568188797260465,2.2809404275289102,0.6957017298959527,-2.41846035189814
0.15041890514357642,-1.7055559249412753,0.05154912692356864,-2.070187529452668
0.3649610024662254,1.0668792018602655,0.03553552656471498,-1.846193665905402
2.403415585238275,0.6465127335163352,0.8010887173364689,-2.2622835068835254
-0.05761879703358539,-1.2281911345690033,0.5765712967708981,-1.3238986605664278
0.2010990467149675,-2.1803945780929643,1.8274720079048132,-1.7879665692407745
1.050654396007612,0.9098385628636594,0.1751627440045595,-1.9802764758796303
1.1055259329579838,1.4315847487939841,0.02528874391132039,-2.717954761934264
1.1870303055603801,-1.1062359374199,0.5960908315243777,-2.657907908213754
0.6387302220291846,0.8689956241338828,0.27112464860387325,-1.8594953748590968
-1.1430049127304835,-0.6292145543309804,0.050887453950698776,-3.0662978130774183
1.633431532301096,1.2792412996957063,1.2895244721100856,-1.493681295177964
-1.146345393018688,-1.8047083506356814,0.11832530761115029,-2.07907692218616
0.30263546523903323,2.341290015817046,0.9373088225665996,-0.3784535152026334
-0.7542758500193579,-1.2755424212065216,0.329963117211249,-0.8460418746919447
-0.06413834659299254,-0.7932840734630826,0.19055058297267247,-2.0907245346237584
0.3287624103034804,-2.6514482875179013,0.4776351117446678,-2.0531685012656573
0.32135721545027307,-2.3309267260723416,1.6166930485158284,-1.502209242998985
0.42192075423528475,0.09517141627396875,0.49773431824375536,-1.1484136950409811
1.613711269058647,-1.394443939632171,1.3893777065919564,-2.819014528718008
0.45353430151397983,2.0128813544531665,0.1340873148911332,-2.8931877326773434
-0.24415663529064868,-2.911839668070277,1.4817988063188636,-2.311017402777191
0.9640871682883573,-0.7254357079683826,0.2704098660721168,-1.7086312084130677
1.1894704889246406,-0.975926719385444,1.1313208174510563,-1.7515632047462015
-1.2276078151369925,-2.8840342144943936,0.8342075416502618,-1.465114272508075
0.597400069849858,-2.2537896059969387,2.6471157526284794,-2.599848764182654
0.7011727423108983,-0.5181439504881884,0.48991661196656366,-3.1580719314844385
-0.29756350335999193,-0.04281249331532022,0.06845571810228017,-1.5709929023489273
1.3757068133116195,-0.5742615164707852,0.019341328972891515,-2.4140981364826173
-0.15005558703252672,0.18562607047256297,1.7536464518784254,-3.0092439321943187
0.12557645347154225,0.5707900494340894,0.7438840774735607,-1.9274681270203091
-0.1730718242838696,-2.940457073232986,1.492740140285175,-1.6034121558906613
0.015579047581467534,-0.21542904327897672,0.267128877244031,-2.0610285660606387
-1.0962750868952018,2.78099544532553,0.4232479072665227,-2.2289241930912445
-1.4400508825942944,0.11419368077729253,0.03056629797262721,-2.0796811160729534
1.5945050632249722,1.0652536047537193,3.256897695846931,-2.1852913812003916
-0.8469613483183278,-1.1288168524987008,1.1022225178123868,-2.6740235559700833
-0.9913923494563072,1.6439482689165752,2.7061283654016366,-2.357340338495216
-2.153390113603715,1.6375288912566903,0.30856039220123194,-1.7393600474930928
-0.6389617476895022,0.12777628592483392,0.9453684487618945,-1.83916072931175
-1.3230897934074983,2.8560829396752814,1.1347576366812573,-1.9159700970165898
1.642015160136369,-2.24669871142408,0.3820655754648315,-2.49757424092669
1.0098170893426341,-2.898314010662514,1.8845936679081952,-2.0907515810678334
-0.6881503451777238,1.6209492705425763,2.9405144851815086,-3.0885325232214274
2.2524358053443088,1.842933224189295,2.161564097437392,-1.9107616680573052
0.9817654869915943,-2.2787566252765425,1.3434915173846713,-1.2855711460932162
-0.32483138350862245,-1.4065030022483636,0.3249889739966056,-2.737066066021053
-2.499405714873573,-2.8946858198002268,0.33075109256868385,-2.2929638366588776
2.2909425725907417,-1.2401483353166118,3.3066234850124303,-1.8354466106449352
-1.389572466763596,1.638851243512029,0.010337746784078452,-1.3735786827862582
-1.6453987469568918,0.10776316627547367,1.2589570184243082,-2.2241123081500747
1.0225704320096403,-0.9114264409902715,1.2250131499674364,-2.346125164632948
2.439752406339273,-0.7695642305620183,0.9746869316163284,-2.9844615712080413
1.3842728185105182,-2.9918782457071913,4.616114465417971,-1.9482809353459467
0.5639091200523596,-1.2011968346085846,0.3737912176857879,-0.978961979928128
0.594754341665286,0.8787524498275827,0.4154728142540341,-1.861320769017662
0.8534155587803077,2.8451666628981425,0.08222945004491383,-2.011139489591857
0.7589285897867651,2.082364961903397,0.5848276927599995,-1.8389588446165073
0.2811914239693758,-2.8584302121268252,0.3025230249191164,-2.005546001974301
0.10420110395187607,2.391363628049036,0.4206600215727315,-2.406507186130065
-0.06259312789952241,1.6991904797917554,1.7992179562535264,-1.5883600421611472
-0.7539645888666763,1.6822567414258822,2.7408499836509828,-1.8871192384441229
-0.28067507686677406,-0.2520254459785711,0.20546704536450705,-1.9911933740331713
-1.6929568141953855,-0.6119682422729831,0.4660258416288361,-2.487683013639125
-0.09833962679474989,-1.1825056270008443,2.639885542104075,-1.3482460340326203
-0.9885911071509175,-2.6058308462738053,0.06380115113017133,-1.667648627333445
-1.103589317215771,-1.6305878190378054,0.09690803662038801,-2.276460418683651
0.17989415115347845,-1.5203781901318523,0.1776815254560648,-1.4990875731590314
1.3920022863445993,-0.09553758173879068,0.9043938663703712,-2.2487854191926036
0.918316606002313,1.484666439580164,0.16307469685607884,-2.3910017462555184
-1.570500603623177,-0.15714102961232035,3.4444091497533775,-2.3798515587401434
-0.9896281365703375,-2.6529333033170364,0.5918811850860887,-2.8855342765440457
0.9407711879882159,2.7467388059292235,0.6961877190159892,-1.7642288097908971
-0.9824873935383096,2.6563459145646737,0.2832367884570469,-2.915572439169175
-0.2246331499970246,1.7111372588904503,0.6366917127720769,-2.614221915632881
0.5500520990245519,2.947967409385323,1.0844538913974355,-3.0377940045392666
-0.9683444548636353,0.26689399680157777,1.3910140290675084,-2.0430348463954466
0.1053755061459599,2.7766101015192364,1.4018876376332716,-2.075160230135936
-1.3340254949182044,-2.5463697562994954,0.8624919714380527,-2.163348106593182
-0.6013676439512137,-0.8059155104317721,2.347161783758407,-2.5212888473352884
0.31978193414253697,-1.647712391959405,1.7005002871341646,-2.58611687671832
-1.5929937335316693,-1.8250014951943798,1.4148918581217476,-1.7678150682267129
0.440474737960399,-2.1551823066439435,0.05721132054820683,-2.275275965854244
-0.019637798926681216,0.7344818493959799,0.006901724421494768,-1.8418208392319277
0.5524899544171478,1.6879311344838301,0.2388249609303227,-2.442624343062111
0.22391413406466143,0.46979039652216414,1.0892272479973313,-1.9094686286144589
1.3641404299738442,-2.118223742470742,0.5296644467711059,-1.3483609813419681
0.12522450264790727,1.8667426196008252,0.5148441192801495,-1.7069170998036083
-0.429405541125253,0.8157282429823711,2.1592373111684346,-2.20620690910824
0.12229750303228377,-0.6710057632380266,2.2591698060308953,-1.8714005148220363
0.5432980290363879,1.0447817732163776,2.398823608157773,-2.1203325872651066
0.04886007032570433,-1.440570124543003,0.37669993602088275,-1.996059907652636
0.04059169120388238,-0.928846749034737,1.174594642150482,-2.162805526074252
-0.7019916878067554,2.5049150587919415,0.3169504858103928,-2.0821676029426954
-0.6629009175509482,-1.2569729659714777,0.21147419521121358,-1.8939533234629125
-1.4026052717996935,-0.18007039105238043,0.20411629481893115,-2.496679349790975
1.7495767431869393,2.3408468243760883,0.4187139185772695,-2.5079394134949893
-1.243863235391285,1.2463281016051653,0.5620445696539887,-2.6942712769156056
-0.6929051977959073,-2.6267806430117835,1.7775558462914232,-2.800135552251855
-0.7184072655691974,-2.1161817343261777,0.1277096217498297,-2.6086413461102396
0.8949243769444413,-2.952950455368499,1.3277456709872089,-1.9202687465979353
-0.2949496782920278,0.7855307413749806,0.7581229475460697,-2.446393757745942
1.2477420726737338,-0.3139594475374903,0.3396006046120076,-1.7431927678844519
-0.6734906242438685,-2.194350894586347,0.6788884896425268,-1.9826431256237191
0.27899416222380197,2.7476047263406222,0.35659218990154595,-2.984252106719027
-0.8353470532597573,0.1779583436737191,0.906543281100516,-1.672512207889155
2.1451491277733883,-1.548640235322665,0.5688854841195724,-1.594600677204145
-1.1875984190295128,0.003621426928245519,0.17961186621831354,-2.4969313374174265
0.3098207102270275,1.0777219964106468,0.12395802056890229,-1.7899042285525042
0.6337768809320985,-2.542564692158613,0.7911915955394043,-2.4282491187045996
0.41379909745149823,-1.351777109712648,2.3270113322475052,-1.9511648116258322
-0.1852876588777083,1.8417929453039612,0.4215299899195753,-2.6322492034774827
-0.12982069973342616,-0.24201077758403233,1.3205070221648265,-2.8965532262672884
0.0438114719791096,0.27946285219376943,1.0748802004719742,-2.1914085948064845
-0.14700200162848862,-0.4031039867431847,2.681723523973739,-2.061864473137418
0.9638791167949097,-2.7366003441419693,1.7202634301559865,-2.198839846807302
2.2105230015913513,-2.0055013210790644,0.8361063240224008,-2.59201527911128
-0.5574917850078336,-0.3267501675486546,1.0701137519038946,-2.1999495310655686
-1.3698029795790778,-1.744887207552433,2.286578549795433,-1.865352623709633
-0.08828204835125482,-2.7001258280419274,0.5100239195282881,-2.0224465150612687
2.5797093376543185,2.061897984310942,0.3957049525516926,-1.9087494847003934
-0.8036745679697308,2.887155174984695,0.010869948043014716,-2.3350576002271164
1.6391168054440675,1.7588572439804366,1.7518720986755771,-1.41414104264192
1.6777008140764407,2.1227095302280024,1.614353476062518,-2.5880866682773904
-0.5535882417079946,-1.5481372180977278,0.11032226937987565,-1.7562198514566407
0.5689830791852754,2.763761853079199,0.8600459963188796,-1.4090544535200191
1.628396623128538,-1.8184457732794297,0.6235869732832385,-1.7595459536255522
-0.3791277409874871,2.7085788621709934,0.12636750948930697,-2.101262113532415
-0.20358036010236177,2.9689157637957067,3.940845772237502,-2.2641485233314897
-0.5816809139486437,1.2703368344762929,0.24168423171619907,-1.481956174476872
-1.0147567306928669,2.886862390750931,0.06960110652141278,-2.7114874626308367
-0.6492775450660071,0.4172386774026222,0.9034914421262091,-2.4850621301898217
-1.2239402667622565,-1.442749300943458,1.3427241864990604,-2.1987788827458608
0.03408346825922607,-0.3780246860062748,0.03298140208855304,-1.381173121244001
-0.7699732310586418,0.5613656122727155,1.0750451054100307,-1.810116181979552
0.2337859117907477,-2.56151062783791,0.7599108441883163,-2.4840228792551224
-1.5558956462036273,0.7340595877034763,0.10899489967668832,-2.1551538526924516
0.33088023221445706,2.8870670205737667,0.18937502646305826,-2.3071615720481473
0.8335289616089246,-1.8593541012976342,0.839270195554383,-2.3548944961167675
-1.9937356425714554,1.7555706977302998,0.3514850256269303,-1.5105552207216104
0.37405656984757213,2.4473927626777163,2.7857263019839533,-2.6858715646317526
1.2276689924732922,2.662209556921325,1.7078240804053528,-1.1956095721328133
-1.2096410186912054,2.7608136264326832,4.108476337871201,-1.5858851549076887
1.6725723868377034,0.12875783232883187,0.3006603794543842,-1.454569164698151
0.4190190093660452,2.8638474479490217,3.4973878311233983,-2.231469756012629
-0.7050118557584089,1.5438612428066332,0.5642859483130849,-2.0749703595395546
-0.05576907765770601,-2.0299713825782284,0.426972945278714,-2.716575907262356
0.5583269125217224,-0.1385993611921803,0.051661285213504896,-2.2623312035334013
0.0760053914124115,1.3099870522320236,0.05420833674506548,-1.7531725761784245
0.5387559924463692,-1.5159581050855,1.177692041957704,-1.351968469109302
-0.9206735930793662,0.8436911012933241,0.612358279543819,-2.5535784084012256
0.169360824036078,0.9996028742797156,0.25685756803615134,-2.182752968492633
-1.4137144969049802,-2.0238015371486044,0.9518409858574385,-2.0756496101162614
-0.11122606134870032,0.3905118747165375,0.2915001764766147,-2.697894601096243
-0.9039076414647897,1.6297614658716464,0.8618777254207312,-1.7043253791208
-0.7355299425897666,-0.0066260127843484895,0.4450515334189824,-2.3619951658713045
1.2360931752104374,-2.9273812993433554,1.7347303478796616,-2.097695175588512
1.091310120594269,-2.945769185524247,1.718673486256617,-2.225974685955939
0.609138120907177,-0.8578239361799271,0.6488440167417792,-2.394669252859837
-1.092312764672579,2.5571644105906923,0.4320438789798166,-2.0035224927402773
-0.3164084496948019,-1.6279393223783474,0.45029480487298235,-2.1078047892840113
1.2130976999791834,0.8061821332301227,1.6384266843651192,-2.185928941139333
0.14171691363990474,-1.6675447758400765,0.39776406162965156,-2.3642308108401715
2.319329539981694,-1.0699800620427082,0.23453237560803508,-1.8402376646085223
0.39331783939437187,2.088252537608904,0.08849066172868149,-1.1731913657538575
0.1920491164900316,1.3731686536196808,0.6286582623108428,-1.9300563835804363
-0.3091164642025014,-2.4276043361207362,0.6580350864648464,-1.5019408925444355
0.1335409047822823,-0.4277878740813983,1.838277093112653,-2.6951109625767313
-0.1524698363805439,-2.824981418128413,0.2500506939887871,-1.9211192803531152
0.7081086766885905,-0.11465912038194581,0.47963590893067326,-2.5486841594855334
0.9567023167945841,0.9746040702064085,1.6523753663662522,-2.7384624637659507
-0.7859894605079495,-2.288984258411091,1.7351349921511565,-2.3696857037295183
-1.331232953557778,-1.266690366545006,0.48550081427170977,-1.4040503327932137
-1.8362053731032966,-0.6129802469870587,0.6145652746364185,-1.5249920856651773
0.5079913269125437,2.5171861479362985,0.3613801257506368,-1.8784976389728
-1.1033666061738736,2.9595300925377845,2.6964410253979043,-2.7663502799449655
-2.152890592952483,-2.7305322060263046,0.12629338260806694,-2.0981403256939686
0.3885786045309641,1.5660475409723524,2.7143111047419586,-1.8491499955491322
2.4929995174327906,-0.7696556015859404,1.1515905339000008,-1.912231885210701
-0.006070911539893324,-0.6452508826231198,0.7583731970333133,-2.921896791740373
0.8384907744516419,1.5255898400821364,0.03320427150562829,-2.445158924009936
0.08182935854756501,2.510558592872452,0.6454932651471988,-2.0320388820743585
-0.09888965319114267,2.7055715670152907,0.5238232362906697,-1.7318545452414051
0.9190764829877686,0.4627355162299249,0.17580540745327075,-3.098063910549973
-0.29027454418865134,-0.8572730441969831,1.0683050389153042,-2.081061987739929
0.26739231407190295,1.725294515152676,3.545676737763038,-1.9284756150605238
0.3216978061960136,-1.4939917004261984,0.8259675370352235,-1.5751940057418934
-0.6680904536430488,0.38444417300110656,1.2544007765248353,-1.6535712078812816
0.9920423495365228,-0.8485292308507608,0.0709058993363171,-1.7087143405955973
-0.17495975669540864,0.9397864422472564,0.5407128227430151,-2.399970253350967
-0.7557451594928447,-1.5576065226389586,0.12370382479666217,-2.954001068561654
0.5365098435704035,-1.8504423255910454,0.9488031683082929,-2.1965263785307005
-0.8984679817910373,2.509434520052622,2.7884280359045825,-1.49918408739572
0.028181157369128247,-2.3891779023027784,1.0840520033830263,-1.3032727362377843
-0.009118996644203544,0.035747446409589934,0.07991268513412317,-1.6447254488511074
1.085895565831578,-1.6748833022219465,0.4379875843983029,-1.785329588599133
0.4746982328799528,-2.7664202200459953,0.7999829604202996,-1.8101801758070173
-0.025026958745143917,-2.783887090251442,0.5161862263788675,-2.2780593733803904
0.8177662992002871,-1.948669367365036,1.7936252716063068,-2.06503014677681
1.3902075490173134,2.2006221270360014,1.6856226803821805,-1.1654652370868344
0.5578103063518622,-1.30512753613784,0.9463145189701982,-2.471279002895938
0.010352619843380607,2.7027550234517745,0.4675393802152782,-1.1926106046450742
-1.3118362323501596,0.48973375793516105,0.29482267097022935,-2.1610140772460293
-1.0651136630753726,-0.38031486138740345,0.111908930035361,-1.3372839454524608
-0.30522470435466764,0.4805330080167276,0.4383463445134082,-2.7034075047487693
-0.6095122021592831,0.10019031135760681,0.5330243987856997,-1.7070478994176754
-0.186971302985446,1.5526575225439512,1.1264653850249828,-2.368385067973811
0.056649924897107164,-1.3050236041628864,1.0734119736562513,-2.707633595962094
0.5296927543567308,-0.8816976503981859,0.07268697877993113,-1.890732978794527
-0.07049877805909122,2.364565815199504,0.5029555333827072,-1.4952641057020157
0.4865016438262019,2.6787390789024332,0.20062264543779218,-2.422470719296748
0.06447441481012024,2.3553493649188475,0.17056616928390106,-2.7495079802292004
-1.9754665663538713,-0.48331203625611874,1.7562117417196361,-2.0459223821674777
-0.9393353938187543,1.68219301804129,0.04281900463101456,-2.0437176643885904
-0.14408755572161547,-0.141985600193407,0.5433193322665865,-1.7258401862227506
-1.2096947428411076,-0.014760887123387079,0.18416764668961785,-1.5252027143177558
0.5999287299962045,-1.7719193456562963,2.1146975192395194,-2.029707590636247
1.5307508323436974,0.5467818195510987,0.814276965207114,-1.0722483426028684
1.2187618516973167,-1.8831846134799124,0.2631594078000812,-1.8878826277323542
-0.213442870930208,-1.0106118055968374,0.6980135766138083,-2.17321325300345
1.490726136849952,2.130181209719611,1.314853564472995,-2.805783679551414
0.14866745720211155,-1.7575451447348687,3.1728993515940025,-2.131329760158084
-0.33708597111803934,-2.5730502889594034,0.24903332315328372,-2.168193472705568
-0.6134026635409398,-2.585954444323102,2.1731525955061657,-1.5198476018592648
-0.30246968648812833,2.644707123018647,2.7227189759620636,-1.768758187966573
-0.38817681854122876,0.04152262777100768,2.4819575370836895,-2.5896845608163086
0.1704162223754877,-0.5435275690978898,1.0089937945340157,-1.9138728067944812
0.1605739810498646,1.8652714860475106,0.9937676730375314,-1.6642344141354732
0.0030460201534144695,2.0149555674630957,0.5161910472483326,-1.2359843203060836
0.43693816974634986,-1.0068538013063724,1.3959321853156543,-1.5562480162929704
1.1906462747863413,1.1617083448427712,0.7577796119222651,-1.619576672844261
0.9495541354413237,1.6267368951113195,1.1314601339820856,-1.9699570026924182
-1.4848979684499035,0.9279041211957271,0.5594171394027411,-1.8058439972882752
-2.553921134901955,-2.0904295511994038,1.3148911958206362,-1.3752475496469208
0.9343199112392737,2.2552985011023416,1.7399539563927044,-2.6663886987398246
-1.366878698415421,0.23456731641605222,0.15833505482968752,-2.174719663608478
-0.22476540189268354,-1.3051654417799778,1.7893406902791593,-2.3862843743781204
-1.1701130260593595,-0.4486308873738363,0.7771736316917953,-1.810423440636938
-1.8019804375800197,-2.7745734576065555,1.8621770564349338,-1.3848889121746062
0.541462728204788,-2.2327991926654946,0.5644052250976835,-2.298487143360537
0.7591551603026468,1.5932805030951656,0.47648939302738846,-3.195152183734719
-0.5765104007267194,-2.9999301914678034,2.465818778071359,-2.206110372512235
-2.59104229214491,-0.5006050291062469,0.28924231239120246,-1.5432631339912968
-0.5462444482524828,0.13506108651353088,1.8592612583419812,-1.7311850485250602
0.3918040054025465,-2.6721934799941662,0.6616883834996437,-1.7859068760947119
-1.4789115687741288,2.8384689778339975,0.7217430582178053,-2.1399966509372397
0.18335991977915564,-1.6432480125019684,0.3688462597889831,-2.639515368109893
-0.015309849172995557,-1.1748076821823148,0.8510701011270652,-1.7423528391877663
0.5792914996010884,-1.176344926469836,0.39335552043998684,-2.4171409050173125
0.11958036841415326,-1.6175000272959006,0.04006125712272674,-0.9079516333097719
-0.9730689408815555,-2.9911570674821313,0.31745231505151145,-1.714746395822742
1.1965715016644913,1.3760687645279779,0.006399476445828731,-2.2903241512769754
-0.15852957302697002,2.8010729987957124,3.8329709601535242,-2.305692623694314
-0.02730453950993186,-1.6542391002897296,3.3739872524751435,-2.0464721033067943
-0.933267959073196,0.9782831508205345,0.5027835439386897,-2.1197509610108747
-0.4432822511915103,1.451377961752291,1.3033175780816855,-1.441583112235023
-0.8848027140269009,2.090552274543148,0.42435148585714066,-1.9067919151279769
-0.172946059923423,-0.46422481791834525,1.111980720548938,-2.365815869454264
1.7117084801423434,-1.1824145661574246,1.6369635047353424,-1.0547796574221087
-1.3719011429313563,-1.0482291958618133,2.9328747524851977,-1.9753458342398886
-1.6135613978767411,1.2757279985910772,0.5111794794483153,-1.6155801620155517
1.4711703274936085,1.9006767990338158,1.529232062481517,-2.3041132537223796
-0.20932367715186612,-1.910316193460384,0.30914877641552607,-1.8184421861277382
-0.6690727386599166,-0.774353951053409,4.638965239229588,-1.8444450044284024
1.0399046873960764,2.4116411804949003,0.02610745173687319,-2.9448246460480765
-0.6056155397368641,1.8401611181684352,0.9251518925039456,-0.9923624447696799
1.8260097135469362,2.909150416574855,1.0773577208048117,-1.3546777695387264
0.6779258713392691,1.5254895580924845,1.1648981180973006,-2.198597658072994
-0.48791140814570266,-0.6408287938324664,0.12827389897000618,-2.5511348702279277
2.1573082132655035,0.5438270039678264,2.789202505589033,-1.8262191930982241
-0.6057149230033384,0.9660855254839218,0.19989500411636574,-1.9566511502928017
0.742095372009307,-2.5292651020972565,0.9748562025540377,-1.8221655257183853
0.2992925804064919,0.2669817546231905,0.25189812890208263,-1.9042113019029552
1.301741289398798,1.2559249708356575,0.3670376186389174,-1.746879505347037
1.5615111967268527,-1.9960721759936377,0.7906685951447728,-1.2763471503040966
0.032004149065766624,1.6837903045533427,0.5398999119392918,-1.7159483974356768
-0.7534178703461835,0.5026366830846696,0.1746219958079338,-2.5248277494549707
0.4599721429391164,2.7133307141855676,0.1874584107710882,-1.3187185736437739
-0.6777153697521061,-2.74546621075865,0.5415336391128354,-1.1796927182558563
2.013387247526623,-1.4080431746671982,1.4158590338737294,-0.42397163274395755
0.13653533108273744,0.6093232757989444,2.282435926218123,-2.561747016619799
-0.3653215513121087,-1.2206405267644158,0.0878782932996094,-1.8785589934248625
0.1846803058649084,1.2865449844274535,0.4993976847166674,-3.0410493515944936
-1.3471262895296965,1.5540316951315862,0.10563340146874665,-1.7234254218103955
-0.9716140385106515,-2.3849042156011535,0.016731677737616527,-2.2741001490833863
1.2004139079444254,0.08312678524060635,1.0838774297986395,-1.0382771025875233
-0.6568942789713957,0.05334333354633536,0.9224331629545526,-2.387307485009291
-1.0469109826819396,-0.7843153787067534,0.17795404485243713,-2.8445915189836306
0.5366527525272862,2.597549175418033,0.26632879586794567,-2.2356318703512597
1.185704154662997,1.965037919239327,0.023993304648808653,-2.9877438856085687
0.7189533106650667,1.1832562914578206,1.8014898907711345,-1.624450272746345
0.9960476858058164,1.2859598144099849,3.676579254625421,-3.0325415231281605
-0.7567950885694608,-0.22970313712128565,0.14555716962699086,-1.9857712094084206
-1.4218106667418438,2.525967126579455,0.2632824637783747,-3.0389059099280984
1.5013336519554867,1.1675725635197125,2.0280606331272173,-2.160148902268321
-0.32267983884213575,1.3738863699348984,2.6099774492099153,-1.178310922097733
-0.25083301645504735,2.1701454227240715,0.5440849382835793,-1.8196760542821024
1.328194141849058,-1.355570463946854,0.05194874311459001,-2.431746802482467
0.5562300094006599,1.8424254232002184,0.040188688530854166,-2.0156017444695418
0.45588777208160763,-1.8285563822610478,0.8531982543531234,-1.9909915639777767
2.165002344901084,-0.9279482865306727,0.4990537003688611,-1.7636848270782972
-0.643518230380143,-0.9863372743809435,0.0290709216796071,-2.683429181640413
0.9278401280812372,2.871152810334843,0.8752744977697656,-1.7037163630763348
0.0570131248970845,2.1392233424875613,0.011366895662418233,-3.3521958158013874
0.26859227886325693,1.2070191695415584,1.5482109221921847,-2.314942276181905
1.5284684264125317,1.362340569692341,0.36590717687223223,-2.2441369212257722
0.5078357562896237,0.37243676641542667,0.04109078377546741,-1.6833365869643808
0.538296079049633,2.682544002651115,0.8875872005714681,-1.9886845736615655
1.0725073373098022,-0.022447482705830524,0.5069737425165611,-2.702781526928143
-0.3649527295428853,-0.7168937407806331,3.6420116453299833,-2.4924965629085074
-0.8392096673390064,-2.0217879784104538,0.7856982277819278,-1.9006599952262966
-1.0448091940210336,1.7172339135663481,0.3219135834366805,-2.039533670932278
-1.9663565893760018,1.4066635924535484,1.2359412760671196,-2.289562054817873
2.056207129940322,-0.6938697688551905,0.3167566754287018,-2.2404168947559895
-1.1032083657216831,-2.848839516244624,2.3459445897471602,-1.6519160014203556
-0.221253623585772,2.033983966308064,0.4695588809727146,-2.2588462864346073
-0.27681329988892067,-2.931492099275558,0.7982156561460809,-2.0440456220145364
0.30740669780910074,1.2221986777743057,0.05189674360981235,-0.9150317059597286
0.8157372125392968,2.8215426583563428,0.5553371209164526,-2.7118413184419614
0.8604734883597454,-0.37403203111077943,1.7859575708045603,-2.925921365787329
-0.5830774385689385,-1.5901595700242834,1.6380884748715228,-1.6082051676006968
-0.1671217137864115,1.2292260602602898,0.254013357069355,-2.3393215306470516
0.28257995048829965,1.9027688520935104,0.2562855695393642,-2.15911876387131
-0.24869112618354708,0.27858189646708365,1.6999388921743535,-2.390578189065557
1.6073455760199926,2.8022116515368776,2.6649680131827873,-2.1299000703837563
0.49097495163825133,-2.6899876700522336,0.10021922286375343,-1.2007309439518292
0.7348777860498175,0.0287735898271686,0.597943623578223,-1.5989357706909404
0.6628812686674127,1.3107236839353007,0.41166571061885665,-1.5688882440565115
1.173473857485325,2.1758428268950736,2.0455307122513906,-2.7081135278963226
0.18102155870370695,-1.9244663285532597,0.08722039666546805,-2.5755768682764346
-1.2968319479558466,1.800020890582088,0.2371485938913611,-3.4195393297427135
0.3996879517526416,0.3162424543112716,1.3962167762121442,-2.404690410541377
-0.651356893791829,-0.6206779080602205,0.05265616897537501,-1.5216484068071707
-0.5286166817497568,-2.2097098285254386,0.6783282861896274,-1.7415267421258145
0.5863640187550933,2.1917745534534747,0.5835881534227699,-2.110756631476062
1.2382830714336357,-2.0563607509217077,0.40706816079393754,-2.0111501418590265
0.02127157673606165,-1.1412728447454046,0.5018201538710777,-2.344442771287703
0.3088330125989638,-1.2597268082253787,0.7548961814804646,-1.897620558799108
1.702214944635238,2.2284842051451257,0.17598252106831833,-1.6170608602596925
0.24075317948856828,1.036217965253388,0.8486224532681885,-2.8079433937052363
2.601683114180395,1.7800883831482341,1.6369752550973982,-1.850176156081326
0.5655096456315442,-1.4971926072450061,1.4277871213455,-1.5337825645226664
-1.7607627591558177,0.7492445976419937,0.16711761040988898,-2.2075501444816847
0.7533416211045325,0.4304758988624924,0.1616363423177122,-1.649649693939708
0.38115838488277776,1.9969822607296264,0.3122130006984853,-0.5926727777637235
1.2897527540827456,2.4365223628875636,0.44796777407365596,-2.052171396493446
0.6731813512699584,-2.9270593711356794,0.525018503553894,-1.8033464749973382
-0.13845598398377382,1.0441195143527562,1.1384885331551513,-2.369028541830696
-1.2242982362893657,-2.688985205281626,0.058350169521379225,-1.9093744186989747
-0.20902325728602528,0.29315199046413554,0.03528806854202966,-1.769864187508848
-0.8505204542093001,-1.2742036257379308,0.49743330741297387,-1.9025788298649309
-0.5805234498047227,-1.1593404028671528,1.1945628575330811,-2.5098476598544286
0.5885784044206096,-0.8822489792858605,0.2149712147065439,-1.8968191143372746
1.6699045043514062,0.7277546942976607,1.0258391190380263,-1.2689020306411816
0.3946715298229811,-0.9957002059873847,0.3008728737222328,-1.7756821177427364
-1.1958830620351844,1.396194303541682,2.1723124564704275,-1.5190064054640795
0.4446026682201407,-0.5728356865567816,2.2603875099891226,-2.1185059850063137
1.196631486645651,-2.589880798140248,0.352807011587779,-1.6250498802881448
-0.6097829043193822,1.7025590549046434,0.26135665243125616,-1.860366080891737
-0.1340171666729177,-1.285450052443764,0.5298453101530028,-2.475455364843616
0.014688194729197093,-0.4033987224044244,0.2751365446183705,-1.8407394976005627
-0.78489831308224,1.112663299331409,1.115912609817942,-2.4958483317201554
0.648280433843859,-1.005263057107728,1.7490717991613753,-2.316440137442396
-0.12094814860778157,-2.6604860631197065,1.1180768936885803,-1.905335846353813
0.41953244390702776,-0.7564737179231185,1.7392644465265998,-1.851377863309938
-0.8874921778021001,2.6666914961658206,0.5058250843418695,-2.5946162325385647
-0.43745830032341043,0.8504063837913494,0.16997841263755953,-1.473007114408562
0.7223813578277714,1.0288748920032411,1.3392235690718926,-1.7139968608497635
-0.372833152091767,0.7936929218258388,0.4470287918955937,-2.352364217805442
1.7269638512334051,-1.8060471662433792,1.1125210442012357,-2.768792398224588
-0.39963618561460235,-0.489996815386319,0.31559324643349557,-2.0724522895407156
0.22468472575188592,1.5056387901799093,0.08471906250393826,-2.22297185693058
0.9325908318730899,-2.391762614681045,4.903818230567541,-1.9434297714734885
-1.4183657329330317,-1.3328833434617264,0.16984156636460163,-2.1815583305777833
-1.7608088119807759,-1.3420853492048783,4.458561645018778,-3.003728430372505
-1.5256563145700948,-0.4078864344329638,3.7845067171075035,-2.194173469150579
1.262584103427182,2.88221244565311,1.5789965090618763,-2.1528095555341564
-0.5518581458924467,-2.5949847198970684,1.0771139295910264,-1.6831694876129706
2.5581992856682523,0.11220596628356994,0.8622928425493258,-2.3490998373055247
-0.5642475986573886,-1.9238119079267373,2.0106735676349174,-1.160662663313717
0.18455130319703697,2.8240592724584648,0.34170121419421207,-2.9558202753258787
1.5421099525678756,-2.320178971635215,0.6305127444514089,-1.344416251098688
2.006092888159123,-0.5783939858304525,0.9659799696762551,-2.112159485439052
2.061503576636398,1.4273099090076373,0.5296525362049009,-1.5702075638282218
1.2083662305931424,1.2273265681646714,0.557718882855961,-1.9600992579706336
1.0240625258114624,-0.4636281786364065,0.4009025337516593,-1.4302222319872655
0.5925269492011831,-0.9208549922836906,0.8306448666735943,-2.1936809822764056
0.7783610761666377,-0.6143257286827764,1.9009575256026636,1.4506897874110938
-0.5511857163285334,-1.4143424210481643,0.2250558511023859,2.7102521436355316
-0.8181988834223072,-1.7680023677592012,2.724683349435251,1.9432596770589294
-0.0033744574109520514,-0.10176181464666012,1.16824425137824,2.1107792368121054
-0.17018462252492844,-1.388797463594356,1.7331503134101565,2.6173759570223973
-0.4532280493272752,-1.2752300106164993,0.8123602967116906,1.4840223789527824
0.6963874474567153,0.9405363808473424,1.511933330383703,2.2977454488196285
0.9553052085705107,2.8112239901993537,0.016333058503340644,1.7050526217685547
0.08840688629184736,0.6218232033562505,1.7058410255599656,1.933915322177814
1.4775300810552618,-2.5381231976102026,0.040966649862924864,2.0361394826921444
-1.141689114133505,-2.5464983168755984,2.206487735485061,1.249889069276532
-0.19365945927971812,2.708539325073396,4.823667950531431,1.6105814785897827
-0.7168223206028049,-1.2162552581559982,0.34823560154579847,2.6755364462065696
-1.86653661707306,-2.4475980835051474,0.236125650647291,2.443095594292398
-0.08268068584269925,0.5942675229022893,1.4497171906671587,1.9686802113363826
-0.12174750838328353,0.7418926697415964,0.29172535674715716,2.1215617292564466
1.513449743242131,0.8910289207121291,2.006655002942597,1.8528787471817711
0.6308116845547775,-1.3955878328547522,0.10852394977398257,2.678291692913991
-1.024186824329205,-2.90933589471315,0.13462364191664372,1.8998237111029181
1.8540925663341883,2.7900922167268316,3.8704759186803566,2.115921046067424
1.221033695525353,-1.494641725853385,1.1203638425948372,2.5730150720710325
0.5820977034686158,1.0561577283152852,1.8765805338753758,1.6113142575770467
-0.22648409884983192,1.2397792192722576,0.3920495662842343,2.779394592248447
-0.9594392367234797,0.6600445024769144,1.1285059329816718,1.2347692951283116
-0.372206776071053,-1.1225556347181107,0.9019979306056842,2.814821065556399
1.088748619704186,-1.3734224774156054,0.9241972061363579,1.8136622080240128
1.884586305934609,0.5860096962162187,1.1473797006401978,1.8786506260873592
1.543243528272189,2.196573801670149,0.8565115806121819,1.0549949144085287
-0.4888494217862741,2.6804023735403737,0.5604753034927772,1.7726026413111535
-1.1196174332890112,-2.3645651735774544,0.32285711657906513,1.4800967344865579
0.14088624691120394,-2.071028324413681,1.4635267886230008,1.6961768273132636
-1.7684393655628516,2.668417552698478,0.2565354440990672,1.93134451710556
0.32316771418478146,1.419211370008755,1.1788065028200192,2.478895807236453
-0.14760258629866868,2.297962948978638,0.2657024996236536,2.103801675700313
-0.46603650186824225,-1.784204195187941,0.9817100940501913,2.1538383267005567
-1.5947030672667954,0.5255152266564114,1.3746751943563507,1.4522403055772188
0.5136001065697166,1.2068375665048414,0.24681385680010892,1.559622955198635
-0.5327008396619114,1.0806713126818357,0.06181508730450815,2.899362509175656
-1.169916835710288,-0.5510898547998115,0.14038193897663728,1.6323994826183768
-2.8722622132816493,-2.907630649852149,0.931396672432166,2.8281041260286477
-0.027514905050636255,0.49755634082557876,1.8934361533710882,1.8784694005595668
1.772251596669744,-1.4813907649223474,0.04604060995765256,2.001143968071752
1.66125921454787,-0.29847452314265777,1.3248277749529014,2.535182580114965
-0.45709625658627184,2.7454860905029044,0.4175153909322173,2.6359462109693284
-0.6022120603617805,-0.6057880941453915,0.6511004066337759,1.9445937198604561
0.46877425607502377,2.0388096399865603,2.6430991847557532,1.8058784732392306
-0.9983854391882915,-1.8687563655044932,0.4034244487742304,1.9720397757388934
0.30179189981946597,1.034762988150173,0.6261185135472468,2.168978764116059
0.7660802783846903,2.8620417266336613,0.013776881677615843,2.4456518434348777
1.2269332238843076,-2.388641394762379,0.08512085969485157,2.002114929497076
-0.10015407647995278,-2.950080346636848,0.2992036464560498,2.3094431490115768
-0.20367375017696587,-0.39850324420431393,0.02824747045872233,2.8191798661354706
-0.877982586756561,-2.444247101691797,0.9979762963455646,2.1906548061323923
-0.82688035403986,1.4903060980573883,0.5558201249895719,2.1558264280023893
-0.22647889190152676,2.487291983091353,0.7943943957336257,1.240544587454966
0.3673655068161781,-0.3958741637474468,0.1919443306061396,0.6846349315854683
0.9135846262332494,-1.4477301470673543,0.35088037838894287,2.1941878646150843
-0.8031789506803448,-0.3935800859603411,1.090121859148712,1.9525878843595639
1.4926885689595217,1.3406869071000056,3.3610940858995066,1.742608662542629
-0.2711236010425688,-2.945675030517774,0.05173209970347977,2.1217651020931725
-0.021367294348436157,0.5367239369081833,2.210774856810118,1.969798135401546
-0.7472116791478234,0.6797501093242744,0.8601022914022198,2.5638901253169495
-2.4242402602729416,0.826129481375613,0.8299285727291361,2.043055434129489
0.8840453963610497,-1.5478675201147367,0.6937044061968387,1.6265383574649162
0.7368438970924334,1.2843163402687603,0.07191938444906126,2.4950831194796446
-0.2813275571182134,-2.4516510820093416,0.09417536086475614,1.8914344625268988
0.06699071722487192,-1.8043779811991951,0.918573349211753,2.2632683418361537
0.5159392177040995,2.2648202799268917,0.41696888065219995,1.7612946469035997
-1.5625458568865427,1.4323389043593977,2.4921496157845495,1.6750865572512819
-0.5290526773462948,-2.9175266759319287,0.5218706247737461,2.042084115092848
0.7942646796218271,-1.5097424377811988,0.15464583755069372,2.0064143217718424
-1.2542894231692494,-1.7135611020410126,1.2542800359175763,2.2399135176834166
0.2935579321666293,-1.3751620317781645,0.3472246269556979,1.8656771233451288
-1.356581804623405,-1.5146413783206816,0.7454310861900855,1.0818201081148013
0.46642998243352635,-2.624842225542926,1.1967747244569955,1.7836130582058056
-0.03564148229748357,-0.24635690041907798,2.305229698904294,2.396909233571908
-1.6151318159055095,1.3964008487169908,1.571136827786808,1.8513119603784467
1.1647393544571714,0.6403903483046185,1.1281267916175997,1.876808298742726
-0.7345915767980492,1.0372300115884787,1.1382886346791263,2.4931882529529688
-0.810252437014381,-2.513104928782565,2.917376724309139,1.6440133863705386
0.20056919723094285,2.708944261060723,0.35072709252368095,1.2285983908785503
1.1486373494287152,2.0309510030581492,0.001112713031782865,1.9196844402372528
-1.015821818978397,1.8305419109739764,0.31739181432433117,1.7579130243756316
0.06167984984797165,1.9379028302506054,0.24576164734957565,1.516876840123373
0.42881650033057295,2.596263048796568,1.0842201100590398,1.9123107720506547
0.6931056072631441,0.26552379668218595,1.0043342770903525,2.2457528236233917
0.1764415552772252,-1.7983078927942446,0.9000763550100638,1.9953557192160922
-0.3670278390833223,0.7007016471152472,0.016376814174340518,2.153490536343119
-0.8275902206487197,1.4572889620076337,1.3048178060225275,2.9067038492577115
0.08614388304637476,1.4275043601241526,0.3908677880144847,1.828560569221218
-1.072139011985607,0.12869414500128062,1.0937918924881511,2.1391743173223348
-2.9213504834946074,-2.589247683998532,0.8132343327851879,1.7453933187004327
0.4365598041576678,-0.7733223694192333,0.4196617940023343,1.5768201400565136
0.9039348410861953,2.524599650780144,0.1445360273752324,1.707546173291115
-2.3629324355418384,0.5066934585445564,0.09917843930890066,1.7606207142391557
-1.0097307047099375,0.22999165953428058,1.7809283369620303,2.179737898773563
0.6191542610051978,-1.386878913706839,2.505895895916186,3.1745378933503785
2.0574954697116987,-0.7893064805005263,1.0492167271152297,1.6419782818620798
0.020793707675407894,2.3720765349190156,0.1091834971264241,1.7916873471922687
-0.7280029412291344,0.9987782851610145,0.5142100392583,1.968438493444376
-0.18289644110484016,1.7243221605139976,1.3054121294104903,2.1978994243548735
1.3748764191481848,-0.2739274615940692,1.5133139002905691,2.1317754059773923
-0.6459641791245353,0.7814833167369475,0.12581112477879058,2.6420478969740584
-0.7991920066502536,-1.5096983475407548,3.0719317215809496e-05,0.7868039647323959
-0.4827435221820324,1.2327649817009174,1.2452707658526183,0.8065350649021636
-0.9533286082587124,-0.43439199777997617,0.44098272074788175,1.7520609139949253
0.12267031599479553,-0.3447269111115263,0.293675103666677,2.5486500937718546
1.6246784584695606,0.8959339474612902,0.012981364284835387,1.2171759841972019
0.3230792731160291,2.61768372881356,0.7771798856802494,0.4961838301531214
-0.2523535021262876,-2.6159619203482745,1.904821132251279,2.285589703109604
-0.2918112689155441,1.9484594240820456,3.161353569773724,2.1218286118513574
-1.563190808696657,-1.2457013375268413,0.8341232460949946,1.4548957966002851
0.883109777147159,-0.3364832729617331,0.7224963399222758,1.507230199639535
-0.07783719701280203,-2.8685200273499465,0.08889283909093013,1.5151281401826628
-0.18047991359062565,-1.1937235329941218,0.7960059427533637,2.05526765873697
3.193107567844861,0.01578745578078289,0.4780020579081002,1.6868423619084965
0.29875290836568624,-2.6629435359153657,0.9342899525391647,2.2470319594877597
-0.7517910500951843,-0.053425623701008895,0.4922105442611789,0.5726866685478045
-0.4263575962055433,2.5626637731505637,0.27483050666339476,1.5715740674361003
1.1484457091967548,-2.3676406913531687,0.0997819661049211,1.436973019544475
0.11327041053776446,1.586644368453026,0.3782173888125585,1.871829660813754
-1.4382779783173667,-0.5419736797440442,0.10163948538341305,1.7309761207549308
0.9192289345752035,0.9310422871460284,0.1946738745078903,2.3989218899478835
-0.668144085538994,-1.4385804120886239,4.36900447855589,1.0703316141699712
1.8732977762175456,-2.04304642475185,0.5871732555080489,2.022745738165376
1.0800480657146485,-2.0372243143726414,0.7590130174021007,2.2791682116058527
-0.4473218956587512,-2.5770483261411323,2.068450396125348,2.9283237182809776
1.281016361735113,-1.8861197705925419,5.419107529487681,1.7591170144532624
0.0678555105274033,0.9853163099338094,0.8739845177801425,2.1622293021762586
0.8527736751222195,2.290143671061048,1.6738368222200386,1.0980686037188176
0.48473281729447476,1.884754113546971,0.3959223221762986,0.8040218978434881
-0.8463566549908735,1.1108058592469048,0.3649144491201648,2.42238718789085
-0.643549832317462,-2.337408819533384,0.5153420089544921,1.9972198531759646
1.0299608175811612,-1.264875322224301,1.1162894002554693,2.589256344899211
-0.33477533210654087,-1.1411587480651861,1.146306874356436,1.3132985555151255
-0.4036484632419967,-1.5002583216142726,0.37868604145736356,2.259951069764376
-0.955122579349353,0.09003395825833849,0.14295845855094444,2.9344089202719266
0.42359906559346105,0.21332288927803544,1.0007497048351262,2.2098528041786327
2.062524919243145,-0.8586841489733388,0.13733962008519934,2.138290752795524
-1.0675329142542729,-0.8772650475813837,0.8639177276277925,2.0042780404121747
0.02421945667275807,1.9713335874364883,1.1822834875439825,1.214559271437044
1.4122205554154292,1.7357570899181134,1.2060132058448962,2.677786467855174
-0.07964139124571515,-1.1532250099155261,1.4002801505590126,1.694571180097467
0.4523717962497339,2.482730663239556,2.0624618878984484,2.2522416281915083
-1.0623935281468797,2.716890102015036,0.6930651678526561,1.2184828467143731
0.4283070972076486,-1.039544747819755,1.3102566703241108,1.4102701677461098
-0.18714426500454878,-0.8734503072416708,0.9654093803239628,2.7175436996111175
0.985729995679863,0.03380492053175299,0.20658138899841824,1.8263488555210785
1.1873860515647512,2.6467248752020414,0.026025386330002308,2.7266377380212723
2.589563642018614,2.2579165988538694,0.3348315232754807,1.960884670470741
0.5796331732135757,-2.384592224498461,0.5852505549570333,1.0790511135210714
0.32579631658216646,-0.6436155403715027,0.9599969453743118,2.44603379986586
0.19438430157733602,0.32022713849863127,1.8968488916563409,1.705053841122196
-0.35316629281068834,0.0187948353092402,0.21846167430754426,2.349344406758522
0.33848384346169114,-1.836821592378644,0.13415992141991448,2.012605433770041
-0.29540141013902943,2.152900627008928,3.3098937849849777,1.2284408860285647
0.1684609762696143,1.0616446979810243,0.11433910210774867,2.0821473826852843
1.3175975356079597,2.0274502491108217,0.6510288812117676,3.0981115710764
-1.0065425652796411,2.152585676096833,0.8808360648239414,2.2464932292572297
1.1398785611290454,1.490135121994438,0.7795211336363259,1.9712411234972684
1.3171150673398653,-0.36473639250169576,0.0899598908963053,2.537671700978449
-0.11806852699107874,0.6632805300925471,0.05871753758696237,2.1053342326015554
-2.1218548990085946,-2.0378075632815413,0.11147184905131151,2.104767115131397
-0.6078219870944325,1.0418725048494464,0.8808938680938833,1.4541874139204487
1.2969945465611092,-1.9244804655643155,0.786019088162905,2.116924012894799
-0.022868062298882122,1.163697543060941,0.26623477488612957,2.517721708208472
-0.9993022322949108,-1.622411035476188,1.015487344158388,1.5819689239499877
-0.5047749212282174,-2.29469219909868,1.7151735098465684,2.712247910623474
0.840620026504553,-2.0082930591422556,0.042468098446434205,1.954146987927437
0.5467335682013793,-2.988047188685578,0.6894140444876165,1.5561152442307296
-0.23893209916969432,1.3124377071211812,1.1689609749009922,2.4988160384601223
-0.36682441181468756,1.3944062943502749,0.2907694027815587,1.8566028821308653
-0.3917581490438219,0.08960009947955694,0.36783831643820264,2.379757443743054
-0.9224101844985025,-2.031823193667698,0.950980274077799,1.8541206838707314
1.6153756894694418,-2.4986739749358615,2.2821482888279534,1.9700869282350482
-0.3223204692113399,-2.8852262013762777,1.6603334980387972,2.2467801021671456
1.2171585208254965,-2.0055109382086758,0.8749813819698303,2.145448528795003
1.5213160519224513,2.34513320989888,1.3101548342128917,1.0022341097741307
0.9983108981479604,-1.5507789497899094,0.4538507446871991,1.4393781299528041
-0.4316203127180484,-0.8743720366967063,1.0243368730946447,2.464704992395408
0.40373009033660945,-2.3679270931120007,0.6276995561461796,1.9339317055492264
-0.024195606390916165,-1.6658321715109783,0.21064219054411348,1.738134348614289
-0.9037018607301281,0.11534742468123049,1.2097839023553798,1.3207129923712628
0.324359281721603,0.6465160985739153,0.8129777450083195,1.460131839362076
-1.1790397911598025,-1.5278861150027336,0.4441356404862513,0.9891006800190263
1.1876793884615637,-2.6536070446492968,2.422937314568569,1.9493596406492335
-0.4646172972983931,-0.6538027852356079,0.02115634333969269,1.7007812097094765
0.2011596558728393,-1.5947797744419951,0.37946576612332916,1.5167060545073423
0.28328787154614216,-1.6826764606211884,0.058563233077621187,1.9659382874160234
-0.25890497370407733,2.759176816280732,1.4546901946764357,2.181985315426369
0.5866938014752747,0.6978029155543446,1.211022441777346,3.0465989661049724
-0.47490365662252443,0.34127065903257536,0.40249784290157004,1.2440582902183932
0.8712972974572442,-0.5053493788600685,1.1259718787702626,2.579690521650261
-1.3459796802467485,-0.42633399941913463,0.504077156308529,2.486550780507536
0.12637957954641182,0.2454300230284847,1.4116277237787305,1.6104536303116497
1.9389289990582848,1.178578842216643,0.6054727384638724,2.1016179772930155
-1.0003313246055747,1.2128765770909764,0.5315041718826617,1.7711833753311923
-0.6777449705248515,-1.9698365537673026,2.7292214715342706,2.0928442902093694
0.513907849658915,0.0006765124597620797,0.28885489312475476,2.754565506702275
0.17958178193959795,-0.5282514297953882,0.1283418416641144,2.3028031163156566
0.3506300992735592,2.2231617976163047,0.8783764324276201,2.254304186616721
0.4891871301476635,0.7885135273102586,3.4842033747681964,1.7848453400226787
0.6347214685617699,0.1950243984958906,0.4745567208171341,1.2579716675378325
1.1096998419562232,-2.3076321469264958,0.06404452437809836,1.895765894729796
0.40981865692851255,0.6338273359404685,0.41446337229466074,2.6033040774319574
-0.24125765461854246,-2.2967765659185995,0.7050814197840705,1.2364160717051762
0.6725737012027313,-0.9767605466054876,0.17664530519334423,1.4724553159116525
1.8998819348952156,-2.1429482111140086,1.0732434698001363,2.063133868117034
-0.13263374638257355,1.1524418821462135,6.09655354860716,1.5076726075763687
-0.9745293046706415,-1.7624873169830844,0.6010046962120925,1.6037382764423938
1.1070806692869728,-0.648843760871844,0.4380842084368992,1.7882007091359116
-0.12038116395359824,2.374048665712672,0.5119999243779213,1.3171912979049254
-2.172669546014036,-1.7741016996061783,0.12233282094473484,1.5129390768918158
0.8474216771504216,0.0468303837526749,2.147922556412585,2.3517139583936544
-0.5353281859539227,-0.48437003300386827,0.5358454514010093,1.346315108884518
-0.09053328230416077,-2.8912557537256216,0.48983809649414217,1.2010639327525812
0.33198033056901455,1.7565486814368771,1.0778991140767757,1.6849875102330527
0.1904996797790664,-2.585724562112402,0.5834562125363503,2.3659777512549227
0.7094518171390395,-0.1544698741382784,1.044787587099343,1.9015390960015552
-0.43548637056984335,0.36406976963369964,0.0634151951107391,1.7677094609421908
0.5131057981760827,0.7705587396875222,1.6805223110088112,2.0221793987578036
-0.2595466775839172,1.1317897758472535,2.8218454035853946,1.127146283570174
0.738810480887503,-1.4803656988637095,1.046300863306092,2.247352826887516
0.6153674840130534,-2.9401273400493038,3.0914929897284225,2.1917175157018223
-0.9354387020445953,1.340661974129472,0.1642054265641818,1.7953457629521394
1.0859821161750323,0.21393959608547153,0.648969905097928,2.5029622558982085
-0.535963445114048,2.016706219243493,0.9208177984579845,1.4362519505234808
0.8080577982811451,1.928330177404166,0.8716440147501633,2.5639544966267844
0.36728731340134063,2.0599570067272985,0.5132648948519577,2.0772468327976257
1.8381836767951225,-0.08943204012275885,0.41261723777034687,1.8317237050609134
-0.22346598237185214,-0.9982296249788059,0.13561816562204485,1.9900631823158441
-0.3493167961181975,1.7493492155482198,0.49715688566068117,1.9463676170945292
-0.01941960588773261,-0.29223532182447043,0.17752605175713917,2.6101414482088585
-0.30317978283427544,-1.899346821579393,1.3256346396548662,1.4616604362644932
0.7999419019420501,2.1298441173688456,0.23424359890036162,1.6187403804267009
-1.616310608436588,2.2953592606340836,0.06035029631193421,2.51815144603624
-1.053682419146354,-0.2021414631589793,0.8037796526293843,1.7022325324080705
-1.067802921579193,-2.545801636141275,0.9044356141002722,2.4502665386657956
0.9503075919735757,-0.6730434604984126,2.0550460368743373,2.8497179915043547
1.7106133725819253,1.8212259567756206,0.8603396314188838,1.7991024865291831
-0.1044492185374715,2.4106441712773723,0.4238544407727264,2.3406811632876527
-0.16882172319001063,-1.779163545014425,1.6246118643793572,1.4231538593300708
0.07005216311318138,-2.598158327848371,0.7771352629046919,2.3773666490339047
1.1618783026081905,2.264102718797032,0.08259961546174387,2.0997119929933836
-0.9273531341905741,-0.6635703661267485,0.8343664730746035,2.2365191410801075
0.23836898273478513,0.2505657856053798,2.386168302923454,1.6772139639823025
0.9751976297824297,2.8083948723045538,0.5046988069287118,1.1694582922164138
0.5010941699398452,-2.6006116325146627,0.35143981673243974,2.2516260323747526
0.1895816165987434,0.8899080447125733,0.15486530162962842,0.9682984237602728
1.0010460925671412,-2.5553674645507973,0.16422099122496678,1.8413247538787325
-2.703232292999237,-0.7471864292009975,0.5669930305953179,2.470590933209985
0.6778753195309076,1.8228872711606803,0.9055482004430834,2.095948867936518
-0.6540756831274238,-0.3991666034661936,0.08405075142757004,2.9741713223949064
-1.830632896856457,2.983094123417702,2.8062462599678923,2.5125545762908867
0.5112025995249807,0.35435570967961283,1.4070425945370488,1.6730508058372118
1.3736585451629577,-1.073027084184279,0.8833974908917387,2.0136566899257193
-0.13744851462769186,-1.6793320445714812,1.7628144724468804,1.976314648727782
0.9528745472029388,-0.8968767942830294,0.08358462608054217,1.2089116183269364
1.6122782579886454,-0.7648003574426951,0.6478657891939863,1.5298005417578233
1.3149144535840473,-2.587717933656234,0.9945039992448852,1.7196195465100699
1.639964529371393,-0.782554803439361,1.764063990935424,0.9818897485720317
0.7421274910718922,-0.21456888156465048,1.5300241411885498,2.0237467341258215
0.0754336389015928,1.3364265134328281,0.324441842480381,1.8754640776734797
-1.6019658118971685,0.9403769083296476,2.828188870397797,1.163553049344213
-0.24606248812994858,1.2525939313749257,0.13278406215222638,2.202106432638666
-0.8432465953161917,-2.9498179087388574,2.0805110623824747,2.35793637234548
2.1709427174978138,-1.6939956025167837,3.538401210161766,2.1135172394324444
-0.1758858124323366,0.9701057303991387,0.1949856366812427,1.837965912395515
0.12320480678448567,-0.09606379092151718,1.2803718345534119,2.295721075875927
0.5514853760404675,-2.9681191459899243,0.041119454150733085,2.3401101802383457
0.043602446372453724,1.8269678545909338,0.5199047565400113,2.153701784859844
1.695051040430753,1.6368574397420241,0.726255872558168,1.5876938747826195
-0.622649361734452,0.2905149779613758,0.8690380011158257,2.1383003827555904
0.1946074552372427,-2.6012200453423673,2.747892179878548,2.5977403254127394
-0.7424705856980482,1.5990902971955077,1.1155062533479856,1.701685470694135
-1.3200225112207058,0.5022815263881837,0.6563870907573177,3.0489696695662154
-0.6117690909052854,1.6917598629477553,1.6590223323370448,1.7371845330073077
-0.03703679704841202,1.5104819543750425,3.006445878906102,2.016203506670068
-0.42930222451725997,1.8180124317470225,0.02231324792424268,1.6637572019968319
-0.692420979873856,0.10804839842774872,4.046770694929838,2.11163541796013
-1.4063174636718339,-2.15805289083891,0.09006929025930421,1.1288891536823624
-0.08310557262869477,1.0269448402781318,1.6840902287788038,1.7269791005916395
-1.5047203740310022,0.7228427103118236,0.32896910918659067,1.4539393998257164
0.7600559636896026,1.453519123194523,0.14177056472400684,2.0676691739461455
0.08243975293450329,-1.9807139636955882,0.5795607422488072,2.497223687754454
-1.4575514994649306,-1.8301488005982647,1.0327025877237972,2.3230030935572756
-0.30920907704986345,2.3424571033159705,0.4795722145309514,0.8141703195705539
-0.7521564055905832,1.4998667907124243,0.05611057178814853,3.02103482646394
0.31917451041918043,2.449370932201937,0.9149444876145364,2.147639970310434
1.3404504460231446,1.552291926983524,2.326911352834198,1.6117504297535
-1.8751724696457446,0.5829318359418112,0.48323536940917805,2.0785639594954706
0.11502607914741717,0.9247964221672422,0.2437708100047209,2.0880949112513463
-0.1601327955666404,2.3347675436400595,0.5844315223719653,1.666575641524218
0.6713400764504657,0.4728405270716429,0.049571315790151865,2.0989583336710376
0.21319662823768915,0.7943479459703244,1.7175109062049378,1.6962638561898464
-0.7519693317388191,-2.0611397039783963,1.7506605841186131,1.7978190036549886
-0.31905393566661816,-0.1564726793033837,0.8867330544624384,1.6568604321224578
-0.796025856803489,1.2983826717485938,0.4355680217612903,1.2836643551301736
1.0760071385985983,-1.3743438101018075,1.6083553208767813,2.072918235107692
0.02131164867194222,-1.7864749168527905,0.8089779289437241,2.292649718258169
1.9011906857530074,-1.1170391506535067,1.7483110240989264,2.2574417980381862
-0.060660813814620775,-1.5509962320429993,0.9982027488638807,2.409962626317617
-0.7084067669104628,-1.710524177781625,1.534355826228695,2.162170105007434
-1.5137143926128271,-0.45089494279147857,0.912704652593895,1.7336372508915483
-1.803139676255945,2.447031083301205,0.5346762491288786,2.4198319322155943
-1.5841359430054898,0.0423578804323097,3.168797441431948,1.3212412300790324
0.2671266510114834,-1.8724777151080618,0.7789530841603293,1.5496643087437598
0.5087250232299338,-2.5381699837147558,0.9290961689818495,1.5178999642883777
-1.5811907020321334,1.1769368708275518,0.2490867335410724,2.540028029569655
0.8950383140761154,-0.7032074133816728,0.9825661991023144,2.471394257070038
-0.4830610516834395,1.9309856795121556,0.8477157965038725,2.243652618522497
0.14679301198554937,0.9570646118446211,0.20436890066951593,2.5359649326058986
1.6122206282554243,1.7774487032482114,0.061436242028746556,1.560358608794006
0.8968393158655319,-1.3683237634893075,0.9272488526568421,2.17429755993049
-0.2685306479058323,1.1541535347663485,1.4426203799216213,1.9374127858084178
-0.8911922254152874,-1.4156280918376873,0.7410805907840918,2.423441051942457
-2.151815401329305,2.6344108767017493,0.257182127876914,1.9423878837239013
-0.7191533192424201,0.8182456892002463,1.0981783129283094,1.8075285557949594
-0.21113023882769444,-1.0529291989479475,0.08349653577071492,2.270454259280495
-0.987179527151184,-1.3829288262463642,0.5830983409318039,2.438084583595616
-0.13125696709230472,-1.854440489570139,0.17836948659944699,1.6658274025765991
0.07685188295876821,1.167845753362367,0.20390364488911203,1.969462164323812
-0.22485598180807856,-1.6877063220124362,0.22601510673366604,1.4707796831791735
-0.6500025808234597,0.5718195955649343,0.48891257309172803,0.7509694912535303
0.16865467196672768,-1.412189838447856,0.05250477068702344,2.1002298157068644
0.44194064956940904,0.9718136687632115,0.5071547711457592,2.304452678127316
-1.090399077442846,1.889638371243235,0.7168405591360867,2.1310334045433628
1.41093237974627,1.6681514588679187,0.6602817831082568,1.0252191411228164
-0.09858813228426173,1.5651079855846906,0.4825363979743863,1.8245752849617627
0.018849622944847662,-1.8736655658464876,1.8272619379891482,0.8908261199744594
0.7082144232565571,-2.469690318092888,0.15703597946105644,2.6848505538270926
0.23321613126350166,1.1936929709243138,0.7046060711557683,1.456972708940957
0.9531366339132451,-0.7899167172338921,0.06404948548865705,2.627701804729948
0.2871241652018242,-0.4059226415799162,0.07381413104392162,2.472934821842073
-0.6124373746404379,-2.8131054432396536,0.8530010754242491,1.549704823731969
0.36150352520610163,-1.4425413043497048,0.8347531994414878,1.4336075243661275
-1.1437262073206618,-2.7979415767532156,2.104008967430954,2.175185108193169
0.10855970577652314,2.275114635607486,0.8161596360639147,1.5778379814084644
-0.0332299906444608,-1.5396199006888172,3.213664935287522,2.051242321079104
-0.2081168572725397,0.3440230174380483,0.04992039345791926,1.7585862045965408
-0.12853751143893075,-2.7661240760332175,0.1031492786683796,1.1094207927671833
-1.881849045497639,1.0010843478339488,0.045066261160005054,0.8847659904377705
-0.5487249077409615,-1.0618359254754368,0.20490691711102052,2.1133421242472985
0.09284490114111471,2.387515121745995,0.7792937191392608,1.7192211268346873
0.15985639199740037,2.3287091336042147,1.0372505684881697,1.7234550915429339
-1.0276751409259581,-1.0482562898295134,0.04665685713396438,2.347931919546893
1.2657078408647007,2.405765374142807,2.9182323007342883,2.5867211383162223
-0.8661748482145009,2.976946040992673,1.8462074817758742,1.8637276393190954
0.9694572005267368,1.952493984743688,0.35184730456045976,1.8297006465450694
0.42719436187168486,2.069228086531374,0.08032923979861893,2.250071516556942
-0.646227309843803,-1.5059475833454605,0.1861935310837393,1.3215322151502122
1.775310892609512,0.4602143931465381,0.13575605249483727,2.1115765273738485
-1.19363683175648,-2.596464516195793,0.1315719185614339,2.275942985911077
0.9191541736100015,-2.4304923790699817,0.7309771736375726,2.3401151042088144
1.0005823180429783,2.993355672199744,0.2821606005297094,1.0316236487487676
-0.6706202090766449,-1.0401645034445344,0.4433846259688029,1.6193223650955297
1.3924653000643288,1.4891034722930785,4.5568880922286175,1.5608683735882667
-0.2500465145989528,1.8399903181608988,1.1530080188217788,2.0499434772046063
0.28869362927985703,2.148139626043375,2.9755506405797605,2.240372289883992
0.2603218387712207,2.9857697844129394,0.15380005550845108,2.7483552037229906
-0.1343087414705478,-1.551021088458793,0.4814925344270289,1.7525172598159635
0.8108082731597821,-2.7578950388418018,0.8090784891069888,1.751213750845393
0.793488720552213,-0.5328508920324841,0.07986395736312461,2.5748360094393736
-1.7485319732381808,-2.2195159810263183,0.004196235522318335,2.1482884692651525
1.3043402428781525,-2.8654446650276695,1.109979654445863,2.633825755593987
-1.6624919880356743,-0.8374390371510834,1.02671827660608,2.1443640015049183
1.0325462043416573,1.702429506451418,0.5289706027199854,1.4214416906433645
1.1267051368275833,0.3970841473504252,0.672646906542572,1.3334358226110967
-1.0909664302151982,-1.1233320647378757,0.5369009845903728,1.2242438754705356
-0.4108142879545848,0.926052032956318,0.024297861480855065,2.3310259173792365
-1.1057046684859357,-1.6078909181471357,0.40852720085878513,2.594298411543504
-0.21492103028873533,-2.91371132356749,0.1948990291047084,2.9246810706931905
-0.30803428418574125,1.5861203186185637,0.10361114569962758,2.4215526661616202
0.7796605322693398,0.7424585091840545,3.140074669663983,2.581419288767493
1.3103087461196083,1.57381574700576,0.914691324214182,1.7099918336731577
1.395683810789956,-2.7663718998740063,1.304368937895508,1.4217920916280717
-0.5621680265783021,2.022717766983913,0.37886759382407476,2.4250396662087765
-0.20922187374452778,0.7171572002178199,0.4994689052671303,2.2088403761197
-1.6834381922209503,0.3803721042758408,0.2703976378446512,2.0537221871704463
-0.8058700664961888,0.7476842886871893,0.10199470963818114,2.193685740316495
0.9648516330974576,2.1865994812101848,0.1972707055238353,2.1615927412291027
1.6155828235482317,0.5216190393534426,1.5970847543298428,2.6419084299267808
-1.234348871879922,0.48570227932907617,1.131794184411349,2.647492792408478
-0.5924642591528942,2.944074942394595,0.7917061591687815,2.2721101761701736
-0.02640575695892703,1.540381002411408,0.6445282174574712,2.4229014362814643
0.2801611588196068,-0.34623716729318854,2.5566297491075276,2.257031276212388
-0.8096035199216461,1.2443820001975663,0.07551582955861086,1.7694151339826905
0.4240610444640897,-0.6646171698492691,0.3293388781603906,2.37828233745657
-0.47383934707091613,-1.626747225099006,0.43068731077157946,1.3027524655703693
-0.014452270878279104,0.5811112613265568,1.5252153933379458,2.5269457761479415
0.5462842480036996,2.5690925886837093,4.894803515834493,1.4027385301169826
0.0064222698109378164,2.574837120092776,0.2753194913782865,2.1429016433973667
-0.4363858905265686,-0.9485683313670581,2.0739155114451955,1.5774230207869206
-0.10960980392583083,0.16606479733016988,1.775626864892659,2.2766944915372136
-0.08836295920533532,-1.7301846085808328,0.25445027975285534,1.9830373870360456
-0.3700110298821277,2.973786656993301,0.5097138756523765,1.2026220209183338
-0.25879606266710237,2.8867074472076144,0.5270784369116337,2.2103498155092396
1.598647170504717,0.8970535782446838,3.826793856464401,1.7110396115836446
0.5609194479412387,1.8264843580648407,0.199539215290436,2.4405733604066846
-0.29548031802916036,1.2906009677022006,1.6052366058191674,2.0006628443672034
0.6969544045107356,0.5589493142368092,0.40675501093489513,2.197710492694019
-0.33381948975600995,-2.679912018066614,1.3125620295359928,1.521215522492394
1.1731246375866413,-0.27141394468403357,0.5447461485452169,1.705333884286319
0.3696421921980939,1.0487178130044637,0.8636028477808202,1.7706806819494578
-0.10730214400422888,1.0651896833021084,1.7874394539026432,2.4283512401212777
0.4477169258102776,-0.7612642894656982,1.6304856960335479,2.8386885439027445
-1.5708761520684993,2.6501519199481836,2.013078562426349,1.5974141241285618
-1.1267674689098053,-1.995857806579314,0.06146838586392217,2.5384240723288403
-1.1939250063990554,0.0021566772933638845,1.1778196427258227,0.915161291137149
0.14294309476370676,1.1453038593049367,0.15080821161179953,1.4029052994538553
1.732514999485092,1.1828148353508556,0.5375436732008639,1.5206107719066126
2.2313001461926323,0.8918337406128933,0.7953757504501566,1.3237456552796387
0.6380511014407572,-1.348270719288839,0.5154018868145539,1.2082058051062101
0.5008444749444569,-2.062760587880268,0.7331604934076493,2.2064994560688986
-1.801057734152739,0.8156419609602654,5.662537503605446,1.8929661511360694
-0.5426737997340217,0.5958126968366262,0.14527703333957548,2.189702698802555
-0.7877837519082389,-1.9238639382645542,1.1253342985022865,2.3452363430607566
-0.620847598251116,1.2308348734233796,0.5041826810247863,2.1328084965862666
-0.1681438185847896,-0.26896804959806175,0.14272760435004184,2.3288815880751867
-0.47209057769712737,1.0065635496189174,0.17285066367365312,1.9652338568788652
-1.9792998103757877,2.0242024786209036,2.981299060218834,1.4065033058471277
0.7479102561175338,-1.981629428538461,2.116948177345498,2.528907090410398
-1.0727430257398065,-2.88513079201898,2.375607074902778,1.7054439336094365
0.23924686411114954,1.6746155183747202,4.771552548634513,1.532201850618787
2.0740826697499735,0.6581845509156956,0.23359218618595973,1.911041062097801
-0.9193845915864234,1.19783741773273,0.43918633746988384,1.5435945403517435
-2.5302875227463297,2.0289298499318553,1.1062988444669863,1.791284809005284
-0.2860042218801108,1.816865608947003,0.6612659120131906,2.172026960781733
1.100959634998571,2.7655208815729484,0.5419543566701733,2.1741708696230635
1.9583474542205939,0.2156104731127093,0.4428730143527602,1.5510849667871853
-1.2295495944524168,-0.06902620404056758,0.9008619498880007,1.7561473135256276
0.4966992232365217,-0.5886768006556196,0.8570633884792471,2.537166502385122
-0.46531045678005334,-2.0778537429347725,0.17609041164184422,2.2482000588669706
-0.10594835430413566,0.4356433972921345,0.6381663846557595,3.037532519674271
2.6443433470170348,-1.3379248540441273,0.8062526694871774,2.590064086870764
-1.5029703283951532,2.5278450732778524,0.8446375924131803,2.5721465342799696
0.25373966149457344,0.49914482566258567,0.23585802995824004,1.306065724772099
0.4676931717654332,0.5570410830486612,1.3558481556585806,2.381930175816711
1.0857863249393471,-0.8704520347379399,0.025522028652392722,1.9734465991515446
0.09798315347089544,-2.688063888133755,0.4382443070794907,1.7245090982308753
0.3080505395041023,-2.8095374077620683,1.5150947843264544,2.0840076702662644
-0.3916485674217911,-0.4599891350808152,0.8298674718767224,2.4726057673057418
0.26912694124510733,-2.492607731416573,0.30267718261423787,2.250415795502106
-0.3431922754974105,0.641081733240835,1.1872898071144724,1.56076309932897
0.6215718898560508,2.285838033837944,0.8379208321549434,2.37122945679631
-0.36961033604363397,2.2974888991123326,1.590830162721796,1.681206228962018
0.37710039390218647,0.9542724607933941,1.328120499738462,2.108341559482143
-0.029262813684978354,-1.732609011162414,0.9418853013231986,1.848324966261433
1.1260502507721681,2.177980988153232,0.6697777362601625,1.890566874132187
-0.05139372358848624,2.3165606118792486,0.1429263884752338,2.383121487520255
-1.7730324682068814,-1.8200784902822478,0.30290809273269026,1.479903140092051
1.2619215007139917,1.4245565146240633,0.5431757466283815,2.9725975371384665
-0.9057323008626189,-1.2808827064372623,0.9145404819714907,1.0894569653527517
-0.6537663386488198,1.8158418741175781,0.7209457147263106,1.7011661583725715
-0.5956612940434921,2.9834273994216165,0.3399365668328845,2.1851059449708705
1.3744380931708173,-2.819843968023643,0.006485342233380302,2.292157083217655
-2.1356742139786955,2.3841951947455913,0.6856537702197355,1.9497621397141474
3.1377485336599937,0.7357832015919481,0.33634862824818296,1.9713046484992287
1.0560568090660518,2.840295714988927,1.326548433799724,2.2052750426638084
0.22323891412915967,-0.20994289484143458,0.024237638009250363,1.8844652612711599
-0.05489400061628639,2.0843275834282426,0.8790619322876683,2.696590628967453
0.28555407485765694,-2.6256355884103364,2.838288237173423,2.419674557115801
0.5211224283793383,-0.9883256995302254,0.19165610901684235,2.4364121755028174
0.645215585950057,-2.59790077349274,0.6379953722469678,1.5169216383147914
0.5556044660034485,2.852058800874423,0.09587453001880661,1.9603057877971486
0.08958068125524882,1.9018434436310203,0.9826493410644763,1.8497670256396481
-0.1973384203073261,2.115284527475823,0.7996899071899204,1.4971993121552671
-0.1512732836535117,2.627791388603365,0.5231774683712669,2.1800820919728836
-0.194908280352681,-2.489379083281288,0.736842092695799,1.7311771211100917
1.1337700968670645,-0.6864144449199996,2.2689052644308823,2.3277019149251186
0.5935567222808619,-2.573790665735987,0.21852212446554634,1.4649042185528343
-2.9403886346642802,-1.7352413906998283,0.022822985930000827,2.8595203064209107
0.655900776529761,-1.6238053377739659,1.9780761658092707,1.551833670703969
0.19473619471877485,-0.18535673371452788,0.8606599287645691,2.109651168600218
-0.018708756445897416,-1.3886269952781445,2.2132788596030046,2.395929655194034
-0.38851845308888583,-2.3941313590934334,0.9086828042203382,1.7146797848999435
1.1241127199860135,-1.9950534654353538,1.661579408336042,2.4262343217164752
0.9475264621228578,-2.116346618687454,0.5615460355367736,1.385408201099792
-0.7728776678236091,2.8384607874737897,1.3857342431683175,2.72605884959128
0.4070522871245351,1.5557550415108414,2.4423239048700602,2.007074632482879
-0.971656734541286,2.806568791617372,0.8489194230948064,1.70179429601556
-1.3796181647889305,-0.361557080952549,0.19940889810627355,1.8504091137862828
-0.6267172245899651,-1.3297891100240604,0.3130649971273277,2.4044596346963596
0.8623934723827588,1.7897591832551196,0.22145070610729467,1.707772354074781
0.9531250453760867,-1.0424764917531193,0.28350019881455185,1.6253211552886113
0.513085420097293,-1.2036997577679103,0.36588212791473734,1.889231701208131
0.7250957868479971,-1.6049640467530129,0.809981686407669,1.411518943615016
0.5161782871149584,-2.221926130654588,0.8867116130036374,2.910271953970908
-0.6414815952229522,-1.4612216338994042,0.5559969016837087,1.7168027043926384
0.43192254467394064,-0.8680815091566738,0.9556054769824742,2.415808393090202
0.8004095252276823,1.0439652488743825,0.08509495153710221,2.1047350418238864
0.7542913298135743,-2.6246109466832905,0.09188311965301504,1.507732974759016
1.188913371474643,-1.7369583620079423,0.1885361800532905,1.9970226453936353
0.7083038472010638,1.8541418417500584,0.7299719621747885,2.3920013896553742
0.3514482075415829,-2.118468458497375,0.2407917164719208,1.9058693324568468
1.0701502383164274,-0.9441291208648708,0.3330761746627114,2.596556472925514
-0.026521259249060063,2.1879535311488407,0.5113471533605675,2.510757696390932
-0.8818746512277178,-2.070448133139344,1.6706014632518276,2.4594574273291645
-0.16306696394376388,-2.5035789862908606,0.013959112564237626,1.7701716138635015
-0.7449026448064491,-0.09277202951993502,1.048048898270051,1.4600787761092566
