Temperature_C,Frequency_MHz,Timing_Margin_ps
-40,100,71.83403315106634
-40,125,78.351725718832
-40,150,74.68626759194149
-40,175,72.05215883705692
-40,200,70.74746308820471
-40,225,69.11588273312135
-40,250,68.84772653466653
-40,275,65.20386715207775
-40,300,64.73579079795319
-40,325,64.75364568658728
-40,350,61.071192153813335
-40,375,63.52524697801275
-40,400,60.03266080619351
-40,425,57.38726405044357
-40,450,59.20548294994105
-40,475,59.40731996006878
-40,500,52.29994174369556
-40,525,54.69874881490788
-40,550,53.65715909042608
-40,575,48.16983646888502
-40,600,51.90509150962137
-40,625,47.61187917169595
-40,650,44.1114106340789
-40,675,44.79057254402464
-40,700,45.948805710602656
-40,725,44.57583777505749
-40,750,45.248540354808085
-40,775,40.20780162951627
-40,800,40.98205852462555
-40,825,39.4400134284848
-40,850,39.60134970905008
-40,875,35.575386110990074
-40,900,37.09439637055445
-40,925,34.13673219529882
-40,950,33.62768253653186
-40,975,32.406422130435544
-40,1000,32.93224561210692
-40,1025,26.342389285764078
-40,1050,26.630202348053206
-40,1075,26.701712136563184
-35,100,78.48399203517931
-35,125,75.95736970604861
-35,150,70.87407666806612
-35,175,75.58580437650703
-35,200,69.13752117375682
-35,225,71.62239995383449
-35,250,72.02214647559879
-35,275,67.43393082362861
-35,300,68.13376755290476
-35,325,67.82684118197444
-35,350,63.15648435047781
-35,375,64.47822543021461
-35,400,64.44122066432585
-35,425,58.70686530819128
-35,450,57.62294965920986
-35,475,61.286882313982986
-35,500,58.65799325942439
-35,525,57.91429160002715
-35,550,54.1184403354847
-35,575,52.82476488104157
-35,600,52.16600158323976
-35,625,50.70756214214468
-35,650,50.14408942764828
-35,675,49.15124605399183
-35,700,45.14893856475987
-35,725,45.204193113708925
-35,750,42.27262497192439
-35,775,44.57554767638578
-35,800,43.575460757339094
-35,825,43.638613950948404
-35,850,40.73104571840131
-35,875,36.307558929849854
-35,900,36.36680567276612
-35,925,35.32718337255838
-35,950,37.15218195019856
-35,975,32.45560891203463
-35,1000,34.416485991541215
-35,1025,33.10343381086391
-35,1050,25.886354882556734
-35,1075,29.347303203580175
-30,100,74.60393617937565
-30,125,74.24475497006439
-30,150,77.6226053464914
-30,175,77.37230284502465
-30,200,75.02581920986287
-30,225,77.31075497260848
-30,250,69.05353067414221
-30,275,68.70602733623177
-30,300,68.74207897042702
-30,325,65.5326254984122
-30,350,64.34182536574806
-30,375,66.14372567542274
-30,400,59.67067076869258
-30,425,62.54938458421983
-30,450,60.6552913593062
-30,475,58.995273250492225
-30,500,57.00052915207716
-30,525,56.978091525845294
-30,550,57.49697367385367
-30,575,53.596466568436995
-30,600,50.09454229202648
-30,625,49.97108089764435
-30,650,49.853362521359514
-30,675,49.19234395564227
-30,700,50.50967483018447
-30,725,47.93979902194483
-30,750,45.907315173724
-30,775,45.2288828305479
-30,800,43.9922930227758
-30,825,42.21742213452261
-30,850,39.99770711213954
-30,875,44.09175825587952
-30,900,36.41359135044648
-30,925,36.011424848662806
-30,950,32.782220761571956
-30,975,35.7807936619112
-30,1000,33.09238109964985
-30,1025,31.743567483850345
-30,1050,31.480636310237493
-30,1075,30.75729748662991
-25,100,78.49183449894439
-25,125,80.06996504572517
-25,150,76.92293828481418
-25,175,77.38997474643855
-25,200,76.02897408564365
-25,225,72.48006280856868
-25,250,71.52191488072505
-25,275,74.25072446658719
-25,300,71.86267541301869
-25,325,68.77084744188245
-25,350,67.16573266842215
-25,375,67.00375532724388
-25,400,62.5651716827586
-25,425,63.26808333606144
-25,450,63.56820155288893
-25,475,64.02184660814866
-25,500,62.11782159440365
-25,525,57.17283219785846
-25,550,55.8211603603131
-25,575,57.36723234098555
-25,600,55.55303379058657
-25,625,52.52528554840605
-25,650,53.27847925804251
-25,675,53.27123787767578
-25,700,53.16750019485011
-25,725,46.82667850388216
-25,750,50.673310070787146
-25,775,48.091376116280436
-25,800,44.096661687609426
-25,825,43.19207414916892
-25,850,40.81063239395833
-25,875,41.704415270982494
-25,900,38.93836426840076
-25,925,37.10265105223166
-25,950,35.69611030266349
-25,975,39.375408597628116
-25,1000,31.63057596286085
-25,1025,35.095960657523364
-25,1050,31.701890936083718
-25,1075,29.3549849810478
-20,100,83.96556294455372
-20,125,80.09293124539505
-20,150,78.44131249676845
-20,175,78.881092626309
-20,200,77.31064128276444
-20,225,77.38384393771389
-20,250,74.31900420877778
-20,275,75.58007117960842
-20,300,69.3749345786749
-20,325,69.86388160353209
-20,350,70.18515520242066
-20,375,67.95508862916863
-20,400,66.50256698309964
-20,425,64.16143776972375
-20,450,63.178228029374445
-20,475,63.47114467636824
-20,500,62.28888273727996
-20,525,58.91429183485494
-20,550,60.13747347382961
-20,575,56.0103539660692
-20,600,53.01466721131145
-20,625,56.47420446558622
-20,650,49.81324216201228
-20,675,53.51766596186083
-20,700,47.76506121709973
-20,725,49.83317056480797
-20,750,48.14903125617946
-20,775,46.46181737306557
-20,800,45.35074259711505
-20,825,44.627934815074894
-20,850,46.788764233925754
-20,875,47.40237345474043
-20,900,41.77609982200853
-20,925,39.22702129049422
-20,950,37.518147244174614
-20,975,38.7914961747674
-20,1000,36.23173350631882
-20,1025,34.03061385338818
-20,1050,35.695341092319076
-20,1075,38.875027978688195
-15,100,83.36167860416393
-15,125,81.76926328054375
-15,150,80.37552115522904
-15,175,78.60418526066358
-15,200,77.40078619374793
-15,225,74.8772350920394
-15,250,71.57065481289648
-15,275,75.22726743561627
-15,300,69.72774200841276
-15,325,72.83610788761452
-15,350,72.84660537416502
-15,375,68.47652630330529
-15,400,66.63832564617296
-15,425,63.79433822575101
-15,450,69.10005746901534
-15,475,66.76475457665151
-15,500,65.61196735902034
-15,525,62.944592895687734
-15,550,59.33966291904098
-15,575,58.81616429549897
-15,600,57.24339731377467
-15,625,54.579604717816174
-15,650,50.04049982113716
-15,675,54.288633299447866
-15,700,51.85641497463822
-15,725,55.69851356675207
-15,750,52.361044943428915
-15,775,50.91751712099385
-15,800,44.98307086176881
-15,825,46.296699835817186
-15,850,42.463917535693604
-15,875,42.96040305327602
-15,900,42.67620989827058
-15,925,40.26423591967851
-15,950,39.51901789729725
-15,975,37.70509109262725
-15,1000,38.69468744541272
-15,1025,33.804677161075574
-15,1050,35.11495657485622
-15,1075,33.42162010093931
-10,100,84.87276688073177
-10,125,84.33946292169287
-10,150,82.57437234720393
-10,175,83.8620458139709
-10,200,77.62380937611489
-10,225,77.67057622612228
-10,250,77.64390531548688
-10,275,72.1467424337638
-10,300,76.7829611862389
-10,325,71.91733965954991
-10,350,72.86015375938989
-10,375,74.02270342268586
-10,400,72.60814748365459
-10,425,66.72869841758558
-10,450,68.19564469181896
-10,475,68.2131730095703
-10,500,66.23140881182972
-10,525,65.69608039752627
-10,550,61.09304814236629
-10,575,62.029596721046524
-10,600,61.59447948476297
-10,625,58.4480316901251
-10,650,55.029319701138334
-10,675,59.627663557737705
-10,700,51.585874872094635
-10,725,53.78759928421432
-10,750,51.078531339352544
-10,775,52.435002759442035
-10,800,48.81227219374864
-10,825,46.6465222816475
-10,850,43.988704287819765
-10,875,44.64419885732822
-10,900,46.66129723198284
-10,925,42.184517316079614
-10,950,38.165205740474114
-10,975,44.389433953626664
-10,1000,36.04050267497944
-10,1025,37.14856198800741
-10,1050,36.49395989166593
-10,1075,35.90601361990956
-5,100,86.2113327355602
-5,125,84.32241321613631
-5,150,82.02746468824422
-5,175,77.2999459144283
-5,200,78.3780168194654
-5,225,82.92054422875714
-5,250,79.4175887763323
-5,275,76.34293457720614
-5,300,76.82903524263752
-5,325,76.34890011094188
-5,350,73.88357874427848
-5,375,69.03093687921552
-5,400,69.05822088005765
-5,425,66.96531742637386
-5,450,69.17156290516412
-5,475,66.3657193821189
-5,500,64.21729124297232
-5,525,66.04786514020863
-5,550,61.66429196501809
-5,575,61.36132352670318
-5,600,60.73769738295921
-5,625,61.97101726156236
-5,650,59.738583340060615
-5,675,56.31591277188607
-5,700,55.01443074853968
-5,725,52.18051571191049
-5,750,52.286347169033675
-5,775,51.463348729085546
-5,800,53.59127338452617
-5,825,52.89540935601195
-5,850,46.66664734484711
-5,875,47.573065830404026
-5,900,45.029651392366816
-5,925,44.875188076518796
-5,950,44.74782675755542
-5,975,41.87454349750182
-5,1000,41.00867131181925
-5,1025,41.21151965270192
-5,1050,37.904964521924086
-5,1075,37.600079058585784
0,100,89.03102458632235
0,125,82.82449972220245
0,150,85.26023629804533
0,175,83.80118359309108
0,200,82.76639422852021
0,225,78.73064826865915
0,250,80.91049086926286
0,275,75.00240233785188
0,300,74.89312722583578
0,325,71.20660133645426
0,350,78.1988360084721
0,375,73.4429034995595
0,400,73.09327399823117
0,425,69.10411828098597
0,450,73.8481067532425
0,475,65.67388214092225
0,500,67.41958995524476
0,525,66.9794922205637
0,550,66.92234799577739
0,575,66.7301178595555
0,600,61.15821704467397
0,625,62.30091899402859
0,650,59.452439757284225
0,675,60.48277726696714
0,700,59.22232155815406
0,725,56.553530320039364
0,750,51.448218641193144
0,775,53.19152945622639
0,800,51.32162490153238
0,825,54.20173386019166
0,850,50.4626312103207
0,875,49.086673807596895
0,900,43.13728534129315
0,925,45.15756725395623
0,950,46.595182348706544
0,975,42.619060761089294
0,1000,42.251113556335056
0,1025,38.36726147682102
0,1050,38.17016265065381
0,1075,40.84142676840332
5,100,89.87518576364418
5,125,85.70062527505526
5,150,87.25173289277278
5,175,84.18173127604975
5,200,83.62768152190417
5,225,79.06307608881976
5,250,77.71897367740311
5,275,78.43609131172049
5,300,77.03894943324698
5,325,80.299038328017
5,350,77.80042806886257
5,375,74.45477952111563
5,400,72.95221396822096
5,425,69.94761537309381
5,450,71.5426806748298
5,475,74.28944721128978
5,500,68.43466655071244
5,525,66.25890203242068
5,550,67.8117427154565
5,575,63.20134251982111
5,600,62.766082954803906
5,625,60.96008114723206
5,650,57.29700022046554
5,675,65.3575951905739
5,700,61.86739667442048
5,725,57.87206271228663
5,750,58.249479979288125
5,775,57.516768434979724
5,800,49.97235917376026
5,825,52.016028320193506
5,850,51.500675929890335
5,875,46.321333337058206
5,900,52.84812234104719
5,925,49.95361143541118
5,950,46.113393172963576
5,975,43.69851074918613
5,1000,47.77973027611938
5,1025,41.65702711719936
5,1050,43.48761979418589
5,1075,40.6288870742083
10,100,87.4815019988026
10,125,90.89331682921797
10,150,85.18104810331775
10,175,83.01299177530677
10,200,83.45373406539156
10,225,84.58445372222253
10,250,83.59404639995553
10,275,77.69129805083492
10,300,80.64777133235964
10,325,79.71035494275762
10,350,74.60590627201262
10,375,82.43883299344905
10,400,74.08318464232924
10,425,70.5776431854083
10,450,73.39829588626556
10,475,71.39216772037894
10,500,69.3060354723925
10,525,70.97054068070067
10,550,66.4917098046057
10,575,65.66937185068042
10,600,67.3909558329865
10,625,66.50106869714769
10,650,66.88304523031935
10,675,63.10655488788588
10,700,61.35286971921653
10,725,58.83823339250359
10,750,59.749487012068144
10,775,54.687977179925554
10,800,56.40615524995599
10,825,56.61478202478715
10,850,49.7664328818043
10,875,52.34405872666775
10,900,54.46477623760473
10,925,48.919258515770046
10,950,47.12357397257668
10,975,46.563223655884705
10,1000,47.719163513526006
10,1025,44.66140653625627
10,1050,41.603083162408275
10,1075,40.77377750190662
15,100,91.91673746740936
15,125,88.9432773397201
15,150,91.46686125555475
15,175,84.96781261751639
15,200,87.89124126881214
15,225,89.32155932304703
15,250,86.04755697404323
15,275,79.7745579782378
15,300,76.5118227192379
15,325,82.13944572467176
15,350,79.83361700348614
15,375,82.37067769124316
15,400,71.66603276978347
15,425,78.51939825299998
15,450,75.44507128344172
15,475,73.24923580863789
15,500,72.58280747835579
15,525,71.59723790488222
15,550,69.89533598206279
15,575,70.41150975537694
15,600,68.54623255469113
15,625,69.6739209852915
15,650,64.95554446311552
15,675,62.44675486743186
15,700,59.5189809426178
15,725,63.77878755089875
15,750,56.2221322316575
15,775,57.515431982912695
15,800,58.04976476319313
15,825,53.63584830750292
15,850,53.020390472393004
15,875,49.81886164403843
15,900,54.37233985448629
15,925,51.22694584363699
15,950,52.47996522973646
15,975,44.0461526107784
15,1000,47.751608282687805
15,1025,45.34329977956138
15,1050,44.85827600434735
15,1075,39.01321959185415
20,100,89.23897587678357
20,125,90.23714182657059
20,150,90.65611270467011
20,175,89.89824163620914
20,200,91.15910494691042
20,225,83.43144564316754
20,250,86.8547786723587
20,275,89.83942416313525
20,300,83.80544090538207
20,325,83.00205516046316
20,350,82.65325457038308
20,375,77.76933333382651
20,400,81.43700089487535
20,425,79.17363619072266
20,450,77.69015839350072
20,475,73.55069964616418
20,500,73.24697240840669
20,525,75.33067221653782
20,550,72.96012849019236
20,575,73.9698694787534
20,600,68.19956519834196
20,625,67.39131573794992
20,650,65.2624911663069
20,675,63.81344243806844
20,700,60.132211642535886
20,725,61.2985694677515
20,750,61.65333703023335
20,775,61.67558609902283
20,800,59.93168971736149
20,825,55.49152216503928
20,850,56.7200043920503
20,875,55.8413954292703
20,900,50.44913513891745
20,925,53.28171445183144
20,950,53.61988973481834
20,975,52.21990691393564
20,1000,49.724823315305585
20,1025,48.14144788510036
20,1050,47.967832432772795
20,1075,45.78455598577722
25,100,94.14213857143483
25,125,96.50899168765069
25,150,91.29760122258745
25,175,92.01401348671604
25,200,85.78680889953249
25,225,88.03627060693755
25,250,88.3815502309611
25,275,85.75237437059539
25,300,87.01594909735648
25,325,89.16143706384236
25,350,81.36247035289922
25,375,81.86838782285204
25,400,75.64007103208122
25,425,81.1151192904137
25,450,77.23110899934684
25,475,79.06580630573166
25,500,75.71820298782882
25,525,69.52016627324966
25,550,74.31069608052361
25,575,73.31301557204286
25,600,68.11399177013905
25,625,69.27194259568925
25,650,67.95704644125381
25,675,67.28738147309573
25,700,64.4016986500699
25,725,62.32103320218087
25,750,59.252961882364495
25,775,64.85215433959122
25,800,63.00317065468728
25,825,58.54299112814668
25,850,59.88556644125741
25,875,57.855775417643535
25,900,56.40631372909652
25,925,54.509649799935524
25,950,50.8190023052636
25,975,54.494136735382874
25,1000,51.084628409712636
25,1025,48.096803445212416
25,1050,47.9201878409842
25,1075,43.21500578099259
30,100,92.47165639308017
30,125,92.90318721804643
30,150,88.84983249030995
30,175,92.72233042469892
30,200,87.4226740589147
30,225,85.36242775250369
30,250,86.11971875311603
30,275,86.18718466102747
30,300,84.98284038943527
30,325,83.79364130679431
30,350,80.99090656854658
30,375,77.54284680757681
30,400,80.02805253739992
30,425,77.53745907933892
30,450,73.73879859844088
30,475,74.30401972900529
30,500,77.77365136200407
30,525,76.26611449173461
30,550,68.56030872146154
30,575,70.12891391260142
30,600,70.89900324400665
30,625,67.27730433518795
30,650,65.84380859828828
30,675,64.67275885244665
30,700,63.926561078125786
30,725,59.03329034809272
30,750,60.99868640322857
30,775,59.414014265742665
30,800,60.19929269735284
30,825,59.97043876440141
30,850,56.40653932389805
30,875,51.91725251491678
30,900,57.811457280115725
30,925,51.82800809196921
30,950,53.23804198520427
30,975,47.91087550220289
30,1000,49.7769769905267
30,1025,49.6846327500455
30,1050,46.564122640725266
30,1075,47.60804947907158
35,100,94.80939764607841
35,125,92.95363685526635
35,150,89.27200690352548
35,175,86.90115086451317
35,200,88.02661027560661
35,225,86.70860846224889
35,250,85.16566967173566
35,275,82.59684611362702
35,300,82.91363411183623
35,325,83.60643354291591
35,350,79.2355099578514
35,375,78.85289833667586
35,400,77.75219145997731
35,425,74.67320988958647
35,450,73.99898448654493
35,475,76.38600739709456
35,500,70.71374169180935
35,525,67.87777637578914
35,550,70.91967459725431
35,575,69.5578667398532
35,600,66.18511024279435
35,625,66.0521375159549
35,650,66.87606296767675
35,675,61.35384620540286
35,700,58.40738332365128
35,725,62.947113108624556
35,750,62.38841337765997
35,775,53.39552539956983
35,800,58.753475856628086
35,825,55.7292733662571
35,850,52.149662173810356
35,875,54.91588837387642
35,900,51.05110970366379
35,925,50.16751915401236
35,950,48.33755680983027
35,975,47.30821164821153
35,1000,46.89346902977657
35,1025,46.887953175987505
35,1050,40.92130073399339
35,1075,42.90492202468933
40,100,90.45721753122041
40,125,85.48906014133321
40,150,86.1264465618918
40,175,83.08168850880288
40,200,87.12995338752926
40,225,83.47977846460743
40,250,82.32744147145974
40,275,80.87479003332864
40,300,79.37894919410382
40,325,79.55210099084566
40,350,76.66637032079915
40,375,78.00443911934795
40,400,77.48445763884041
40,425,75.27221907901081
40,450,75.21583799526039
40,475,72.52402437212336
40,500,70.4705165727379
40,525,70.15409735558718
40,550,68.24863207674802
40,575,65.20004481872121
40,600,65.89437534171883
40,625,62.19798176054674
40,650,59.91665666180913
40,675,60.69674431693172
40,700,59.18129302215286
40,725,57.70862174771524
40,750,58.01729055479952
40,775,56.13724239404934
40,800,57.7789395929333
40,825,56.01583001725061
40,850,54.69009963402473
40,875,53.875963291905634
40,900,48.52056567668163
40,925,48.90920154605205
40,950,50.672889405722664
40,975,45.927443188014635
40,1000,41.59615861864163
40,1025,43.51668093767724
40,1050,40.80217071873945
40,1075,37.93757106490355
45,100,91.30516755930816
45,125,87.54912728207815
45,150,91.02855629223706
45,175,85.80886876654168
45,200,87.11790333201535
45,225,85.8406115468285
45,250,83.56748927060818
45,275,80.43179545989369
45,300,81.29427335953976
45,325,77.6711886331077
45,350,75.27858958464935
45,375,79.35894046830472
45,400,76.04755088801247
45,425,72.54735515137223
45,450,73.26516552434138
45,475,71.12754863172118
45,500,68.55965874137854
45,525,68.24700421704074
45,550,65.32144475472626
45,575,69.55313888852432
45,600,67.22861711329107
45,625,62.30017698149819
45,650,62.74433016329024
45,675,58.60768882027213
45,700,53.833485412733985
45,725,55.66884599617936
45,750,56.86447579145334
45,775,57.326556277706544
45,800,55.10159860039508
45,825,56.28531215984472
45,850,50.947391758831714
45,875,50.678123491143715
45,900,47.70731194375723
45,925,49.01768445592719
45,950,46.80964782203923
45,975,46.53274984459793
45,1000,42.60246212041583
45,1025,43.180312607377004
45,1050,42.846652011783966
45,1075,39.271236905303
50,100,87.21088823520307
50,125,86.67307729385114
50,150,86.53748998032019
50,175,81.91423298075757
50,200,82.61976740488741
50,225,84.11647920367362
50,250,81.98474545755577
50,275,74.97478523146485
50,300,76.65537012945363
50,325,74.41051351887377
50,350,76.58949022925566
50,375,76.7730296341586
50,400,75.29395746381623
50,425,73.03723374101439
50,450,69.33908470387104
50,475,69.88307023547712
50,500,67.94545064266022
50,525,64.2661637241942
50,550,62.50037462629768
50,575,66.12999624567045
50,600,64.68792692186221
50,625,60.974012324075254
50,650,53.23785008263086
50,675,59.05628224500842
50,700,58.451772075582824
50,725,52.90240101248636
50,750,57.61373377001159
50,775,54.952245222530905
50,800,50.875206493336165
50,825,53.55915157885708
50,850,46.85294326021955
50,875,48.82467856371681
50,900,48.37464812913569
50,925,47.43925006678723
50,950,45.226961029670825
50,975,47.92935899767067
50,1000,41.02001938349136
50,1025,41.36934229205191
50,1050,38.03527428828565
50,1075,36.1957092577365
55,100,85.06561945418508
55,125,85.58329140790711
55,150,81.76113274251982
55,175,80.06456541372228
55,200,82.52238548580937
55,225,81.3762204118813
55,250,81.33116735326114
55,275,79.68553680420119
55,300,75.83561275625586
55,325,73.56053628610948
55,350,75.89821055843821
55,375,72.60838839838144
55,400,72.28180656408242
55,425,66.82434905365399
55,450,66.63415746672628
55,475,66.92345076455976
55,500,64.70161186435413
55,525,66.47823122094097
55,550,62.377966758147224
55,575,62.41901068258062
55,600,60.99865797242836
55,625,63.39499626126663
55,650,59.17795656612893
55,675,54.97348391015206
55,700,59.671392860197045
55,725,55.429276906973904
55,750,56.104546535736596
55,775,52.90389434684126
55,800,52.29489367904181
55,825,49.49027786376905
55,850,50.625291534982665
55,875,51.56595862694355
55,900,44.27153345106597
55,925,43.44256281358262
55,950,40.8160600825441
55,975,42.659492708631916
55,1000,39.54330882668917
55,1025,38.08973909407207
55,1050,40.098093594253115
55,1075,37.13536655053476
60,100,83.16691639891175
60,125,80.91894614343543
60,150,77.9619998601084
60,175,81.07323217327536
60,200,77.4223034426729
60,225,77.34544269581706
60,250,75.92243111340522
60,275,75.66632070886254
60,300,77.67960871171388
60,325,71.99010719271764
60,350,66.53648908234513
60,375,69.91437501150388
60,400,71.29660294522314
60,425,67.49652848966623
60,450,69.40648776403285
60,475,69.39843467898368
60,500,65.70514962807526
60,525,62.98429254532977
60,550,60.22447658216309
60,575,60.87971933829771
60,600,61.241016200970705
60,625,59.51545934877725
60,650,59.32804093391227
60,675,54.11179786360807
60,700,51.63523978015748
60,725,53.525045832108496
60,750,53.50135601970425
60,775,50.10233489059167
60,800,48.67173854700162
60,825,46.37865526522177
60,850,46.69346217484211
60,875,44.67587389372564
60,900,45.527791558137565
60,925,43.548751478445375
60,950,41.64668296835374
60,975,39.20313549733792
60,1000,42.11398959291699
60,1025,39.45805171910487
60,1050,36.24644573586217
60,1075,36.55655413818377
65,100,80.89642878597871
65,125,80.53217972760098
65,150,82.40239030833536
65,175,78.35025618006259
65,200,77.5146250006606
65,225,76.75127682297432
65,250,75.57571265396959
65,275,76.11917056108467
65,300,69.93641360500698
65,325,74.00596415700397
65,350,68.5046595186673
65,375,67.3379774066268
65,400,66.28548245845877
65,425,69.63068916781198
65,450,69.34459601674426
65,475,67.30982041494174
65,500,60.69252161450362
65,525,62.181056225645754
65,550,62.12303886831918
65,575,61.86768386043864
65,600,57.7362703696222
65,625,59.93545806104548
65,650,57.26678328003319
65,675,56.82634484474291
65,700,47.82142980860209
65,725,51.84243297732003
65,750,48.795900668250844
65,775,52.18579789115848
65,800,46.2223041565689
65,825,46.753919726235274
65,850,47.29633686358903
65,875,42.76059274460062
65,900,43.23023409315397
65,925,44.60583485517037
65,950,39.939826075690114
65,975,40.25078493101175
65,1000,37.099673793664564
65,1025,37.51543559615599
65,1050,31.656365746799015
65,1075,35.920585260509505
70,100,82.38432734392299
70,125,76.54963866405647
70,150,79.1518817876034
70,175,74.7545109384465
70,200,75.24510381073281
70,225,73.57005794866342
70,250,73.3483648196434
70,275,73.93475313358412
70,300,72.39871263910122
70,325,66.71412422312969
70,350,64.92282297531683
70,375,69.92220635095843
70,400,63.637129436944235
70,425,64.78296793663097
70,450,66.13262129586657
70,475,59.880333861765045
70,500,62.768850820439
70,525,58.74283568989643
70,550,57.47722220909566
70,575,57.92467287800823
70,600,58.662755561697374
70,625,48.933728851440804
70,650,52.77768483929539
70,675,50.425849678686944
70,700,49.57850151188704
70,725,50.86976967708437
70,750,52.59176659844019
70,775,44.472530942507525
70,800,44.56647707099536
70,825,44.08916480556462
70,850,44.18968569507105
70,875,41.3203219704388
70,900,43.52559262246979
70,925,38.798978775004464
70,950,38.7813700785214
70,975,40.74096700195618
70,1000,34.42923763584753
70,1025,34.61115922711635
70,1050,36.03701215765081
70,1075,33.946275341907416
75,100,80.00167886641434
75,125,75.99157575562782
75,150,74.88216618195787
75,175,76.29050543785841
75,200,75.77147574427683
75,225,70.89313625398859
75,250,73.19646504383891
75,275,72.03830756274183
75,300,70.68512237347691
75,325,68.967924848718
75,350,66.18307495288872
75,375,70.37418493931966
75,400,66.83380434477309
75,425,62.54269202648027
75,450,66.80780140185459
75,475,60.38041910530741
75,500,58.425224043616765
75,525,57.34026024022509
75,550,60.38146045309186
75,575,51.33963365853905
75,600,57.78145677954248
75,625,51.39391960933497
75,650,56.90024652876867
75,675,52.31884199175298
75,700,52.49464668202169
75,725,46.8893806854914
75,750,44.1727611868367
75,775,46.796553800889754
75,800,45.76723769880552
75,825,44.577110508161425
75,850,41.26088322749969
75,875,37.870672434036415
75,900,40.04820313593688
75,925,37.78735569799234
75,950,36.97832901297197
75,975,37.28414510598364
75,1000,33.454957295560064
75,1025,32.623571438938946
75,1050,34.13862952442582
75,1075,32.197253388692744
80,100,78.57918159385376
80,125,75.83639173809041
80,150,74.96097344395606
80,175,75.25179986140995
80,200,75.76652530369299
80,225,74.1150482148277
80,250,70.65778904966939
80,275,68.26007624796097
80,300,66.33303048797373
80,325,65.82873097973209
80,350,67.32427712210283
80,375,69.41525300421503
80,400,62.06897935210904
80,425,59.611964707337584
80,450,55.9673133630712
80,475,60.26706634105645
80,500,59.74692778871373
80,525,56.761797706427515
80,550,54.532322527906736
80,575,55.172325957640545
80,600,52.82210968595163
80,625,52.04014772469412
80,650,52.1847858969266
80,675,51.59308711761222
80,700,50.44725853102731
80,725,45.139463995935586
80,750,47.64911293416918
80,775,44.04639817618051
80,800,42.91405173366807
80,825,45.84552480245558
80,850,41.13464665720094
80,875,38.394284108117546
80,900,38.63851402555128
80,925,37.20152810582968
80,950,36.304426601959406
80,975,31.594801423986112
80,1000,32.98769839119229
80,1025,31.806849103619214
80,1050,32.388268087675314
80,1075,30.54562346196613
85,100,75.00451448810969
85,125,76.73936556645988
85,150,76.51177328471596
85,175,71.31234730402288
85,200,70.3853900452918
85,225,68.84695082029594
85,250,66.15923709429632
85,275,69.3091537750926
85,300,66.93997081681658
85,325,67.45569746258138
85,350,63.98526373411267
85,375,61.90505672856085
85,400,59.85160157305073
85,425,59.852981947986144
85,450,60.75525702371567
85,475,58.049715422003466
85,500,59.87040681732124
85,525,55.89306057285245
85,550,57.77104851857096
85,575,52.16294982220758
85,600,54.38149748760724
85,625,50.507432076152874
85,650,47.00663411487015
85,675,47.35371031158114
85,700,46.10548767820485
85,725,46.36121467968851
85,750,47.226932040282435
85,775,44.131419845099714
85,800,39.14380913355991
85,825,44.02012859204782
85,850,38.67255503761794
85,875,40.79197718838487
85,900,35.715760824715275
85,925,35.78344112406389
85,950,35.147148191865824
85,975,34.98151516064197
85,1000,33.069547664653484
85,1025,32.966184917718216
85,1050,32.29946588957053
85,1075,28.088978110165293
90,100,75.68627184826941
90,125,74.68811631314531
90,150,76.00149817459581
90,175,69.68849120810668
90,200,69.97762485894832
90,225,69.56790708515136
90,250,69.28723858409077
90,275,68.6428210843956
90,300,65.30470037849011
90,325,63.692623364529766
90,350,65.31580388081221
90,375,62.822759386774784
90,400,61.988169519915985
90,425,55.23721553744571
90,450,58.802458011816775
90,475,55.727501647911616
90,500,57.293389048444155
90,525,54.7448775968259
90,550,53.416519091492724
90,575,53.79351790849964
90,600,50.803560797724714
90,625,52.65051834774385
90,650,47.08993626481323
90,675,46.07580309889488
90,700,47.78807023481693
90,725,42.58303396637949
90,750,41.034278771313836
90,775,43.07479250942129
90,800,40.30340602511646
90,825,40.17296316471813
90,850,36.730986828484255
90,875,38.041705103235145
90,900,37.359570933668294
90,925,31.22749188701973
90,950,32.480920539836454
90,975,30.939965494123424
90,1000,31.929336242567146
90,1025,28.179638140303755
90,1050,27.192879248859995
90,1075,23.429916339309813
95,100,71.95061628807673
95,125,74.31823641556728
95,150,71.04268278406634
95,175,73.33740351451742
95,200,70.12487008240737
95,225,65.76732214659856
95,250,71.1401075448002
95,275,64.66292013603854
95,300,64.74991191085344
95,325,62.66459797653795
95,350,57.21671140173284
95,375,60.312221945356576
95,400,60.410900451649134
95,425,59.12001170312337
95,450,55.42009620132772
95,475,58.03967664711844
95,500,53.53743612941977
95,525,54.127636812252405
95,550,49.98759556389023
95,575,51.3870621850074
95,600,47.75916970691081
95,625,48.747412147395686
95,650,47.12093129387097
95,675,47.91676137431008
95,700,41.574676648458556
95,725,45.88981219734666
95,750,43.2862044567704
95,775,41.93773840428249
95,800,40.94471602920239
95,825,41.28087534156805
95,850,36.86587076246157
95,875,34.88150933963109
95,900,31.484951647431867
95,925,35.21992273087521
95,950,28.7648492468225
95,975,33.41890692548374
95,1000,30.755655292958703
95,1025,26.724414001125016
95,1050,25.543785027973556
95,1075,22.86094361854171
100,100,72.09919412527886
100,125,69.10990630235557
100,150,70.06664050980133
100,175,70.22265289612618
100,200,64.65419756336998
100,225,63.84051888415917
100,250,67.93763805227306
100,275,61.69874146438001
100,300,61.23062325674308
100,325,60.17285951952671
100,350,57.506819704274136
100,375,60.916680184638274
100,400,60.5554663257662
100,425,57.237140988137135
100,450,57.235759421473674
100,475,50.81614975470212
100,500,55.8922618709849
100,525,51.85167829720149
100,550,50.650050666582196
100,575,47.2995702383818
100,600,48.168383116983875
100,625,46.10639530558354
100,650,43.437333546344476
100,675,44.590327403590635
100,700,42.37124306054298
100,725,38.52342178462911
100,750,38.72801326631549
100,775,35.194611876180794
100,800,36.787286761215235
100,825,37.657004588708816
100,850,32.84693090604134
100,875,33.442536310267556
100,900,35.39231442849275
100,925,29.213075266391307
100,950,30.8842218039332
100,975,32.08703414965448
100,1000,26.99846740683155
100,1025,26.179364004620744
100,1050,24.82599620368346
100,1075,23.734231062350812
105,100,69.67106492626976
105,125,70.59244699686519
105,150,65.99851013543856
105,175,67.10957114291035
105,200,64.31286908184546
105,225,61.58098091106338
105,250,60.16716637171726
105,275,62.92431180276215
105,300,57.87564123610478
105,325,55.143756971806894
105,350,59.8731561073884
105,375,54.86063933106053
105,400,54.750677801288695
105,425,53.975797445159316
105,450,50.547039120501445
105,475,53.356162871206685
105,500,51.74610698884412
105,525,51.145127633589055
105,550,47.795093803485365
105,575,44.7328018809981
105,600,46.99433404459737
105,625,48.75878175990947
105,650,45.292796884406954
105,675,41.45096864136268
105,700,45.70264498286022
105,725,42.225337326001714
105,750,38.296394822237225
105,775,33.275231920116674
105,800,36.42877017340003
105,825,34.490241371150766
105,850,33.82985042086706
105,875,31.844817659833943
105,900,34.62841714581421
105,925,28.487011472492114
105,950,24.832372776471306
105,975,26.617619859443053
105,1000,24.654825548010912
105,1025,25.424862287255998
105,1050,23.799147993587404
105,1075,22.7304862350286
110,100,67.48911857800942
110,125,69.68837815675472
110,150,64.56888158192093
110,175,65.84327122497476
110,200,64.30844407445285
110,225,65.49141920511582
110,250,62.828192349923704
110,275,65.91352729210753
110,300,62.39810437301471
110,325,58.00871687564792
110,350,59.89290403516894
110,375,52.75358410903201
110,400,59.35151305250932
110,425,53.83518812343017
110,450,52.19571693416151
110,475,50.239357949721715
110,500,51.04655755659458
110,525,48.93225401787141
110,550,48.208209788923725
110,575,47.913843752717554
110,600,45.07927349022924
110,625,45.659487757272515
110,650,40.11388012682856
110,675,41.31699179526219
110,700,36.29363617644515
110,725,37.30017404655737
110,750,34.17628952608957
110,775,35.175443547069534
110,800,34.63103796794987
110,825,38.07379554735229
110,850,29.412458049839124
110,875,31.45861334454053
110,900,32.39732708549868
110,925,28.894161990170186
110,950,28.578374368987117
110,975,26.70536585478333
110,1000,26.58268746214755
110,1025,22.779935498500706
110,1050,21.31384826373826
110,1075,23.247600453796952
115,100,63.29143700248469
115,125,64.44390902929061
115,150,68.06854389561207
115,175,63.528178612358154
115,200,64.37627042215142
115,225,63.26506107421057
115,250,61.9510515131944
115,275,60.84586142045743
115,300,56.36828856705528
115,325,56.52169937091475
115,350,54.78577715588427
115,375,54.67736781664162
115,400,54.401219483095915
115,425,54.469105170441196
115,450,52.97085746865949
115,475,50.15157627752801
115,500,47.8478441372085
115,525,48.948890424768294
115,550,42.96683391562504
115,575,47.476647581409466
115,600,44.64965482869375
115,625,42.906902634675994
115,650,42.54703402516978
115,675,37.67296849369228
115,700,39.534721872384225
115,725,38.37027591140536
115,750,37.698601579820526
115,775,38.390356646738944
115,800,30.968022876852192
115,825,30.567733234153167
115,850,31.041805360740018
115,875,27.643425127459516
115,900,25.62614206580361
115,925,27.654624324479922
115,950,22.01111651156196
115,975,23.39173727276564
115,1000,24.170940275058022
115,1025,20.519560313775667
115,1050,22.818012722280052
115,1075,18.29647711691957
120,100,63.589766545087365
120,125,62.63628483774546
120,150,62.77149247148337
120,175,65.89463930805516
120,200,59.52259612125529
120,225,60.158448789965355
120,250,57.90629249254655
120,275,56.81758214912787
120,300,56.16261851668952
120,325,53.41623354733802
120,350,56.047597252150446
120,375,53.16921056627486
120,400,51.28345979063987
120,425,49.69585793240949
120,450,50.01574297833103
120,475,50.10993289933754
120,500,44.77878753083993
120,525,47.86061495102328
120,550,45.54453844201373
120,575,41.03040700962301
120,600,40.613219249038465
120,625,41.58411923297457
120,650,39.635669264818766
120,675,37.2861922343101
120,700,35.18286720438084
120,725,35.11456597849225
120,750,33.26809125255385
120,775,34.12732767647709
120,800,34.456059479852954
120,825,30.02460514422279
120,850,33.136027357491315
120,875,26.48073748250668
120,900,29.189972650779204
120,925,26.170152004629568
120,950,23.365507330787803
120,975,21.924536244739805
120,1000,22.680721782026165
120,1025,22.574192193121966
120,1050,19.89371992445898
120,1075,16.448244700938144
